ID,mutated_sequence,activity_dp7
1,ATAPSIKSGTILHAWNWSFNTLKHNMKDIHDAGYTAIQTSPIMQVKEGNQGDKSMSNWYWLYQPTSYQIGNRYLGTEQEFKEMCAAAEEYGIKVIVDAVLNHTTSDYAAISNEVKSIPNWTHGNTPIKNWSDRWDVTQHSLLGLYDWNTQNTQVQSYLKRFLDRALNDGADGFRFDAAKHIELPDDGSYGSQFWPNITNTSAEFQYGEILQDSVSRDAAYANYMDVTASNYGHSIRSALKNRNLGVSNISHYAIDVSADKLVTWVESHDTYANDDEESTWMSDDDIRLGWAVIASRSGSTPLFFSRPEGGGNGVRFPGKSQIGDRGSALFEDQAITAVNRFHNVMAGQPEELSNPNGNNQIFMNQRGSHGVVLANAGSSSVSINTATKLPDGRYDNKAGAGSFQVNDGKLTGTINARSVAVLYAD,10.55265527
2,ATAPSIKSGTILHAWNWSFNTLKHNMKDIHDAGYTAIQTSPIMQVKEGNQGDKSMSNWYWLYQPTSYHIGNRYLGTEQEFKEMCAAAEEYGIKVIVDAVLNHTTSDYAAISNEVKSIPNWTHGNTPIKNWSDRWDVTQHSLLGLYDWNTQNTQVQSYLKRFLDRALNDGADGFRFDAAKHIELPDDGSYGSQFWPNITNTSAEFQYGEILQDSVSRDAAYANYMDITASNYGHSIRSALKNRNLGVSNISHYAIDVSADKLVTWVESHDTYANDDEESTWMSDDDIRLGWAVIASRSGSTPLFFSRPEGGGNGVRFPGKSQIGDRGSALFEDQAITAVNRFHNVMAGQPEELSNPNGNNQIFMNQRGSHGVVLANAGSSSVSINTATKLPDGRYDNKAGAGSFQVNDGKLTGTINARSVAVLYPD,9.338324588
3,ATAPSIKSGTILHAWNWSFNTLKHNMKDIHDAGYTAIQTSPIMQVKEGNQGDKSMSNWYWLYQPTSYQIGNRYLGTEQEFKEMCAAAEEYGIKVIVDAVLNHTTSDYAAISNEVKSIPNWTHGNTPIKNWSDRWDVTQNSLLGLYDWNTQNTQVQSYLKRFLDRALNDGADGFRFDAAKHIELPDDGSYGSQFWPNITNTSAEFQYGEILQDSVSRDAAYANYMDVTASNYGHSIRSALKNRNLGVSNISHYAIDVSADKLVTWVESHDTYANDDEESTWMSDDDIRLGWAVIASRSGSTPLFFSRPEGGGNGVRFPGKSQIGDRGSALFEDQAITAVNRFHNVMAGQPEELSNPNGNNQIFMNQRGSHGVVLANAGSSSVSINTATKLPDGRYDNKAGAGSFQVNDGKLTGTINARSVAVLYPD,8.289413558
4,ATAPSIKSGTILHAWNWSFNTLKHNMKDIHDAGYTAIQTSPIMQVKEGNQGDKSMSNWYWLYQPTSYQIGNRYLGTEQEFKEMCAAAEEYGIKVIVDAVLNHTTSDYAAISNEVKSIPNWTHGNTPIKNWSDRWDVTQHSLLGLYDWNTQNTQVQSYLKRFLDRALNDGADGFRFDAAKHIELPDDGSYGSQFWPNITNTSAEFQYGEILQDSVSRDAAYANYMDVTASNYGHSIRSALKNRNLGVSNISHYAIDVSADKLVTWVESHDTYANDDIESTWMSDDDIRLGWAVIASRSGSTPLFFSRPEGGGNGVRFPGKSQIGDRGSALFEDQAITAVNRFHNVMAGQPEELSNPNGVNQIFMNQRGSHGVVLANAGSSSVSINTATKLPDGRYDNKAGAGMFQVNDGKLTGTINARSVAVLYPD,7.007689209
5,ATAPSIKSGTILHAWNWSFNTLKHNMKDIHDAGYTAIQTSPIMQVKEGNQGDKSMSNWYWLYQPTSYHIGNRYLGTEQEFKEMCAAAEEYGIKVIVDAVLNHTTSDYAAISNEVKSIPNWTHGNTPIKNWSDRWDVTQHSLLGLYDWNTQNTQVQSYLKRFLDRALNDGADGFRFDAAKHIELPDDGSYGSQFWPNITNTSAEFQYGEILQDSVSRDAAYANYMDVTASNYGHSIRSALKNRNLGVSNISHYAIDVSADKLVTWVESHDTYANDDEESTWMSDDDIRLGWAVIASRSGSTPLFFSRPEGGGNGVRFPGKSQIGDRGSALFEDQAITAVNRFHNVMAGQPEELSNPNGNNQIFMNQRGSHGVVLANAGSSSVSINTATKLPDGRYDNKAGAGSFQVNDGKLTGTINARSVAVLYPD,6.89856678
6,ATAPSIKSGTILHAWNWSFNTLKHNMKDIHDAGYTAIQTSPIMQVKEGNQGDKSMSNWYWLYQPTSYQIGNRYLGTEQEFKEMCAAAEEYGIKVIVDAVLNHTTSDYAAISNEVKSIPNWTHGNTPIKNWSDRWDVTQHSLLGLYDWNTQNTQVQSYLKRFLDRALNDGADGFRFDAAKHIELPDDGSYGSQFWPNITNTSAEFQYGEILQDSVSRDAAYANYMDVTASNYGHSIRSALKNRNLGVSNISHYAIDVSADKLVTWVESHDTYANDDEESTWMSDDDIRLGWAVIASRSGSTPLFFSRPEGGGNGVRFPGKSQIGDRGSALFEDQAITAVNRFHNVMAGQPEELSNPNGNNQIFMNQRGSHGVVLANAGSSSVSINTATKLPDGRYDNKAGAGSFQVNDGKLTGTINARSVAVLYPD,6.493941711
7,ATAPSIKSGTILHAWNWSFNTLKHNMKDIHDAGYTAIQTSPINQVKEGNQGDKSMSNWYWLYQPTSYQIGNRYLGTEQEFKEMCAAAEEYGIKVIVDAVLNHTTSDYAAISNEVKSIPNWTHGNTPIKNWSDRWDVTQNSLLGLYDWNTQNTQVQSYLKRFLDRALNDGADGFRFDAAKHIELPDDGSYGSQFWPNITNTSAEFQYGEILQDSVSRDAAYANYMDVTASNYGHSIRSALKNRNLGVSNISHYAIDVSADKLVTWVESHDTYANDDEESTWMSDDDIRLGWAVIASRSGSTPLFFSRPEGGGNGVRFPGKSQIGDRGSALFEDQAITAVNRFHNVMAGQPEELSNPNGNNQIFMNQRGSHGVVLANAGSSSVSINTATKLPDGRYDNKAGAGMFQVNDGKLTGTINARSVAVLYPD,6.463779859
8,ATAPSIKSGTILHAWNWSFNTLKHNMKDIHDAGYTAIQTSPIMQVKEGNQGDKSMSNWYWLYQPTSYQIGNRYLGTEQEFKEMCAAAEEYGIKVIVDAVLNHTTSDYAAISNEVKSIPNWTHGNTPIKNWSDRWDVTQHSLLGLYDWNTQNTQVQSYLKRFLDRALNDGADGFRFDAAKHIELPDDGSYGSQFWPNITNTSAEFQYGEILQDSVSRDAAYANYMDITASNYGHSIRSALKNRNLGVSNISHYAIDVSADKLVTWVESHDTYANDDEESTWMSDDDIRLGWAVIASRSGSTPLFFSRPEGGGNGVRFPGKSQIGDRGSALFEDQAITAVNRFHNVMAGQPEELSNPNGNNQIFMNQRGSHGVVLANAGSSSVSINTATKLPDGRYDNKAGAGSFQVNDGKLTGTINARSVAVLYPD,5.79036828
9,ATAPSIKSGTILHAWNWSFNTLKHNMKDIHDAGYTAIQTSPINQVKEGNQGDKSMSNWYWLYQPTSYHIGNRYLGTEQEFKEMCAAAEEYGIKVIVDAVLNHTTSDYAAISNEVKSIPNWTHGNTPIKNWSDRWDVTQNSLLGLYDWNTQNTQVQSYLKRFLDRALNDGADGFRFDAAKHIELPDDGSYGSQFWPNITNTSAEFQYGEILQDSVSRDAAYANYMDITASNYGHSIRSALKNRNLGVSNISHYAIDVSADKLVTWVESHDTYANDDEESTWMSDDDIRLGWAVIASRSGSTPLFFSRPEGGGNGVRFPGKSQIGDRGSALFEDQAITAVNRFHNVMAGQPEELSNPNGNNQIFMNQRGSHGVVLANAGSSSVSINTATKLPDGRYDNKAGAGMFQVNDGKLTGTINARSVAVLYPD,5.623229471
10,ATAPSIKSGTILHAWNWSFNTLKHNMKDIHDAGYTAIQTSPIMQVKEGNQGDKSMSNWYWLYQPTSYHIGNRYLGTEQEFKEMCAAAEEYGIKVIVDAVLNHTTSDYAAISNEVKSIPNWTHGNTPIKNWSDRWDVTQNSLLGLYDWNTQNTQVQSYLKRFLDRALNDGADGFRFDAAKHIELPDDGSYGSQFWPNITNTSAEFQYGEILQDSVSRDAAYANYMDVTASNYGYSIRSALKNRNLGVSNISHYAIDVSADKLVTWVESHDTYANDDEESTWMSDDDIRLGWAVIASRSGSTPLFFSRPEGGGNGVRFPGKSQIGDRGSALFEDQAITAVNRFHNVMAGQPEELSNPNGNNQIFMNQRGSHGVVLANAGSSSVSINTATKLPDGRYDNKAGAGSFQVNDGKLTGTINARSVAVLYPD,5.569618504
11,ATAPSIKSGTILHAWNWSFNTLKHNMKDIHDAGYTAIQTSPINQVKEGNQGDKSMSNWYWLYQPTSYQIGNRYLGTEQEFKEMCAAAEEYGIKVIVDAVLNHTTSDYAAISNEVKSIPNWTHGNTPIKNWSDRWDVTQHSLLGLYDWNTQNTQVQSYLKRFLDRALNDGADGFRFDAAKHIELPDDGSYGSQFWPNITNTSAEFQYGEILQDSVSRDAAYANYMDITASNYGHSIRSALKNRNLGVSNISHYAIDVSADKLVTWVESHDTYANDDEESTWMSDDDIRLGWAVIASRSGSTPLFFSRPEGGGNGVRFPGKSQIGDRGSALFEDQAITAVNRFHNVMAGQPEELSNPNGNNQIFMNQRGSHGVVLANAGSSSVSINTATKLPDGRYDNKAGAGSFQVNDGKLTGTINARSVAVLYPD,5.134763266
12,ATAPSIKSGTILHAWNWSFNTLKHNMKDIHDAGYTAIQTSPIMQVKEGNQGDKSMSNWYWLYQPTSYQIGNRYLGTEQEFKEMCAAAEEYGIKVIVDAVLNHTTSDYAAISNEVKSIPNWTHGNTPIKNWSDRWDVTQNSLYGLYDWNTQNTQVQSYLKRFLDRALNDGADGFRFDAAKHIELPDDGSYGSQFWPNITNTSAEFQYGEILQDSVSRDAAYANYMDVTASNYGHSIRSALKNRNLGVSNISHYAIDVSADKLVTWVESHDTYANDDEESTWMSDDDIRLGWAVIASRSGSTPLFFSRPEGGGNGVRFPGKSQIGDRGSALFEDQAITAVNRFHNVMAGQPEELSNPNGNNQIFMNQRGSHGVVLANAGSSSVSINTATKLPDGRYDNKAGAGSFQVNDGKLTGTINARSVAVLYPD,5.119296553
13,ATAPSIKSGTILHAWNWSFNTLKHNMKDIHDAGYTAIQTSPIMQVKEGNQGDKSMSNWYWLYQPTSYQIGNRYLGTEQEFKEMCAAAEEYGIKVIVDAVLNHTTSDYAAISNEVKSIPNWTHGNTPIKNWSDRWDVTQHSLYGLYDWNTQNTQVQSYLKRFLDRALNDGADGFRFDAAKHIELPDDGSYGSQFWPNITNTSAEFQYGEILQDSVSRDAAYANYMDVTASNYGHSIRSALKNRNLGVSNISHYAIDVSADKLVTWVESHDTYANDDEESTWMSDDDIRLGWAVIASRSGSTPLFFSRPEGGGNGVRFPGKSQIGDRGSALFEDQAITAVNRFHNVMAGQPEELSNPNGNNQIFMNQRGSHGVVLANAGSSSVSINTATKLPDGRYDNKAGAGSFQVNDGKLTGTINARSVAVLYPD,5.070276264
14,ATAPSIKSGTILHAWNWSFNTLKHNMKDIHDAGYTAIQTSPIMQVKEGNQGDKSMSNWYWLYQPTSYHIGNRYLGTEQEFKEMCAAAEEYGIKVIVDAVLNHTTSDYAAISNEVKSIPNWTHGNTPIKNWSDRWDVTQHSLYGLYDWNTQNTQVQSYLKRFLDRALNDGADGFRFDAAKHIELPDDGSYGSQFWPNITNTSAEFQYGEILQDSVSRDAAYANYMDVTASNYGHSIRSALKNRNLGVSNISHYAIDVSADKLVTWVESHDTYANDDEESTWMSDDDIRLGWAVIASRSGSTPLFFSRPEGGGNGVRFPGKSQIGDRGSALFEDQAITAVNRFHNVMAGQPEELSNPNGNNQIFMNQRGSHGVVLANAGSSSVSINTATKLPDGRYDNKAGAGMFQVNDGKLTGTINARSVAVLYPD,5.048968043
15,ATAPSIKSGTILHAWNWSFNTLKHNMKDIHDAGYTAIQTSPINQVKEGNQGDKSMSNWYWLYQPTSYHIGNRYLGTEQEFKEMCAAAEEYGIKVIVDAVLNHTTSDYAAISNEVKSIPNWTHGNTPIKNWSDRWDVTQNSLLGLYDWNTQNTQVQSYLKRFLDRALNDGADGFRFDAAKHIELPDDGSYGSQFWPNITNTSAEFQYGEILQDSVSRDAAYANYMDITASNYGHSIRSALKNRNLGVSNISHYAIDVSADKLVTWVESHDTYANDDEESTWMSDDDIRLGWAVIASRSGSTPLFFSRPEGGGNGVRFPGKSQIGDRGSALFEDQAITAVNRFHNVMAGQPEELSNPNGNNQIFMNQRGSHGVVLANAGSSSVSINTATKLPDGRYDNKAGAGSFQVNDGKLTGTINARSVAVLYPD,4.973290178
16,ATAPSIKSGTILHAWNWSFNTLKHNMKDIHDAGYTAIQTSPINQVKEGNQGDKSMSNWYWLYQPTSYHIGNRYLGTEQEFKEMCAAAEEYGIKVIVDAVLNHTTSDYAAISNEVKSIPNWTHGNTPIKNWSDRWDVTQHSLLGLYDWNTQNTQVQSYLKRFLDRALNDGADGFRFDAAKHIELPDDGSYGSQFWPNITNTSAEFQYGEILQDSVSRDAAYANYMDVTASNYGHSIRSALKNRNLGVSNISHYAIDVSADKLVTWVESHDTYANDDEESTWMSDDDIRLGWAVIASRSGSTPLFFSRPEGGGNGVRFPGKSQIGDRGSALFEDQAITAVNRFHNVMAGQPEELSNPNGNNQIFMNQRGSHGVVLANAGSSSVSINTATKLPDGRYDNKAGAGSFQVNDGKLTGTINARSVAVLYPD,4.830367658
17,ATAPSIKSGTILHAWNWSFNTLKHNMKDIHDAGYTAIQTSPINQVKEGNQGDKSMSNWYWLYQPTSYHIGNRYLGTEQEFKEMCAAAEEYGIKVIVDAVLNHTTSDYAAISNEVKSIPNWTHGNTPIKNWSDRWDVTQNSLYGLYDWNTQNTQVQSYLKRFLDRALNDGADGFRFDAAKHIELPDDGSYGSQFWPNITNTSAEFQYGEILQDSVSRDAAYANYMDITASNYGHSIRSALKNRNLGVSNISHYAIDVSADKLVTWVESHDTYANDDEESTWMSDDDIRLGWAVIASRSGSTPLFFSRPEGGGNGVRFPGKSQIGDRGSALFEDQAITAVNRFHNVMAGQPEELSNPNGNNQIFMNQRGSHGVVLANAGSSSVSINTATKLPDGRYDNKAGAGMFQVNDGKLTGTINARSVAVLYPD,4.769728868
18,ATAPSIKSGTILHAWNWSFNTLKHNMKDIHDAGYTAIQTSPIMQVKEGNQGDKSMSNWYWLYQPTSYHIGNRYLGTEQEFKEMCAAAEEYGIKVIVDAVLNHTTSDYAAISNEVKSIPNWTHGNTPIKNWSDRWDVTQNSLYGLYDWNTQNTQVQSYLKRFLDRALNDGADGFRFDAAKHIELPDDGSYGSQFWPNITNTSAEFQYGEILQDSVSRDAAYANYMDITASNYGHSIRSALKNRNLGVSNISHYAIDVSADKLVTWVESHDTYANDDEESTWMSDDDIRLGWAVIASRSGSTPLFFSRPEGGGNGVRFPGKSQIGDRGSALFEDQAITAVNRFHNVMAGQPEELSNPNGNNQIFMNQRGSHGVVLANAGSSSVSINTATKLPDGRYDNKAGAGSFQVNDGKLTGTINARSVAVLYPD,4.69119989
19,ATAPSIKSGTILHAWNWSFNTLKHNMKDIHDAGYTAIQTSPINQVKEGNQGDKSMSNWYWLYQPTSYQIGNRYLGTEQEFKEMCAAAEEYGIKVIVDAVLNHTTSDYAAISNEVKSIPNWTHGNTPIKNWSDRWDVTQHSLLGLYDWNTQNTQVQSYLKRFLDRALNDGADGFRFDAAKHIELPDDGSYGSDFWPNITNTSAEFQYGEILQDSVSRDAAYANYMDVTASNYGHSIRSALKNRNLGVSNISHYAIDVSADKLVTWVESHDTYANDDEESTWMSDDDIRLGWAVIASRSGSTPLFFSRPEGGGNGVRFPGKSQIGDRGSALFEDQAITAVNRFHNVMAGQPEELSNPNGNNQIFMNQRGSHGVVLANAGSSSVSINTATKLPDGRYDNKAGAGSFQVNDGKLTGTINARSVAVLYPD,4.675621416
20,ATAPSIKSGTILHAWNWSFNTLKHNMKDIHDAGYTAIQTSPINQVKEGNQGDKSMSNWYWLYQPTSYQIGNRYLGTEQEFKEMCAAAEEYGIKVIVDAVLNHTTSDYAAISNEVKSIPNWTHGNTPIKNWSDRWDVTQNSLLGLYDWNTQNTQVQSYLKRFLDRALNDGADGFRFDAAKHIELPDDGSYGSQFWPNITNTSAEFQYGEILQDSVSRDAAYANYMDVTASNYGHSIRSALKNRNLGVSNISHYAIDVSADKLVTWVESHDTYANDDEESTWMSDDDIRLGWAVIASRSGSTPLFFSRPEGGGNGVRFPGKSQIGDRGSALFEDQAITAVNRFHNVMAGQPEELSNPNGNNQIFMNQRGSHGVVLANAGSSSVSINTATKLPDGRYDNKAGAGSFQVNDGKLTGTINARSVAVLYPD,4.666897462
21,ATAPSIKSGTILHAWNWSFNTLKHNMKDIHDAGYTAIQTSPINQVKEGNQGDKSMSNWYWLYQPTSYQIGNRYLGTEQEFKEMCAAAEEYGIKVIVDAVLNHTTSDYAAISNEVKSIPNWTHGNTPIKNWSDRWDVTQNSLYGLYDWNTQNTQVQSYLKRFLDRALNDGADGFRFDAAKHIELPDDGSYGSQFWPNITNTSAEFQYGEILQDSVSRDAAYANYMDVTASNYGHSIRSALKNRNLGVSNISHYAIDVSADKLVTWVESHDTYANDDEESTWMSDDDIRLGWAVIASRSGSTPLFFSRPEGGGNGVRFPGKSQIGDRGSALFEDQAITAVNRFHNVMAGQPEELSNPNGNNQIFMNQRGSHGVVLANAGSSSVSINTATKLPDGRYDNKAGAGMFQVNDGKLTGTINARSVAVLYPD,4.636179698
22,ATAPSIKSGTILHAWNWSFNTLKHNMKDIHDAGYTAIQTSPIMQVKEGNQGDKSMSNWYWLYQPTSYQIGNRYLGTEQEFKEMCAAAEEYGIKVIVDAVLNHTTSDYAAISNEVKSIPNWTHGNTPIKNWSDRWDVTQNSLYGLYDWNTQNTQVQSYLKRFLDRALNDGADGFRFDAAKHIELPDDGSYGSQFWPNITNTSAEFQYGEILQDSVSRDAAYANYMDVTASNYGHSIRSALKNRNLGVSNISHYAIDVSADKLVTWVESHDTYANDDEESTWMSDDDIRLGWAVIASRSGSTPLFFSRPEGGGNGVRFPGKSQIGDRGSALFEDQAITAVNRFHNVMAGQPEELSNPNGNNQIFMNQRGSHGVVLANAGSSSVSINTATKLPDGRYDNKAGAGMFQVNDGKLTGTINARSVAVLYPD,4.614730888
23,ATAPSIKSGTILHAWNWSFNTLKHNMKDIHDAGYTAIQTSPIMQVKEGNQGDKSMSNWYWLYQPTSYQIGNRYLGTEQEFKEMCAAAEEYGIKVIVDAVLNHTTSDYAAISNEVKSIPNWTHGNTPIKNWSDRWDVTQHSLYGLYDWNTQNTQVQSYLKRFLDRALNDGADGFRFDAAKHIELPDDGSYGSQFWPNITNTSAEFQYGEILQDSVSRDAAYANYMDVTASNYGHSIRSALKNRNLGVSNISHYAIDVSADKLVTWVESHDTYANDDEESTWMSDDDIRLGWAVIASRSGSTPLFFSRPEGGGNGVRFPGKSQIGDRGSALFEDQAITAVNRFHNVMAGQPEELSNPNGNNQIFMNQRGSHGVVLANAGSSSVSINTATKLPDGRYDNKAGAGMFQVNDGKLTGTINARSVAVLYPD,4.562322951
24,ATAPSIKSGTILHAWNWSFNTLKHNMKDIHDAGYTAIQTSPIMQVKEGNQGDKSMSNWYWLYQPTSYHIGNRYLGTEQEFKEMCAAAEEYGIKVIVDAVLNHTTSDYAAISNEVKSIPNWTHGNTPIKNWSDRWDVTQNSLLGLYDWNTQNTQVQSYLKRFLDRALNDGADGFRFDAAKHIELPDDGSYGSQFWPNITNTSAEFQYGEILQDSVSRDAAYANYMDVTASNYGHSIRSALKNRNLGVSNISHYAIDVSADKLVTWVESHDTYANDDEESTWMSDDDIRLGWAVIASRSGSTPLFFSRPEGGGNGVRFPGKSQIGDRGSALFEDQAITAVNRFHNVMAGQPEELSNPNGNNQIFMNQRGSHGVVLANAGSSSVSINTATKLPDGRYDNKAGAGMFQVNDGKLTGTINARSVAVLYPD,4.482800491
25,ATAPSIKSGTILHAWNWSFNTLKHNMKDIHDAGYTAIQTSPINQVKEGNQGDKSMSNWYWLYQPTSYQIGNRYLGTEQEFKEMCAAAEEYGIKVIVDAVLNHTTSDYAAISNEVKSIPNWTHGNTPIKNWSDRWDVTQHSLYGLYDWNTQNTQVQSYLKRFLDRALNDGADGFRFDAAKHIELPDDGSYGSQFWPNITNTSAEFQYGEILQDSVSRDAAYANYMDVTASNYGHSIRSALKNRNLGVSNISHYAIDVSADKLVTWVESHDTYANDDEESTWMSDDDIRLGWAVIASRSGSTPLFFSRPEGGGNGVRFPGKSQIGDRGSALFEDQAITAVNRFHNVMAGQPEELSNPNGNNQIFMNQRGSHGVVLANAGSSSVSINTATKLPDGRYDNKAGAGMFQVNDGKLTGTINARSVAVLYPD,4.470659657
26,ATAPSIKSGTILHAWNWSFNTLKHNMKDIHDAGYTAIQTSPINQVKEGNQGDKSMSNWYWLYQPTSYQIGNRYLGTEQEFKEMCAAAEEYGIKVIVDAVLNHTTSDYAAISNEVKSIPNWTHGNTPIKNWSDRWDVTQNSLLGLYDWNTQNTQVQSYLKRFLDRALNDGADGFRFDAAKHIELPDDGSYGSQFWPNITNTSAEFQYGEILQDSVSRDAAYANYMDVTASNYGHSIRSALKNRNLGVTNISHYAIDVSADKLVTWVESHDTYANDDEESTWMSDDDIRLGWAVIASRSGSTPLFFSRPEGGGNGVRFPGKSQIGDRGSALFEDQAITAVNRFHNVMAGQPEELSNPNGNNQIFMNQRGSHGVVLANAGSSSVSINTATKLPDGRYDNKAGAGSFQVNDGKLTGTINARSVAVLYPD,4.456276404
27,ATAPSIKSGTILHAWNWSFNTLKHNMKDIHDAGYTAIQTSPINQVKEGNQGDKSMSNWYWLYQPTSYQIGNRYLGTEQEFKEMCAAAEEYGIKVIVDAVLNHTTSDYAAISNEVKSIPNWTHGNTPIKNWSDRWDVTQNSLYGLYDWNTQNTQVQSYLKRFLDRALNDGADGFRFDAAKHIELPDDGSYGSQFWPNITNTSAEFQYGEILQDSVSRDAAYANYMDVTASNYGHSIRSALKNRNLGVSNISHYAIDVSADKLVTWVESHDTYANDDEESTWMSDDDIRLGWAVIASRSGSTPLFFSRPEGGGNGVRFPGKSQIGDRGSALFEDQAITAVNRFHNVMAGQPEELSNPNGNNQIFMNQRGSHGVVLANAGSSSVSINTATKLPDGRYDNKAGAGSFQVNDGKLTGTINARSVAVLYPD,4.332756353
28,ATAPSIKSGTILHAWNWSFNTLKHNMKDIHDAGYTAIQTSPINQVKEGNQGDKSMSNWYWLYQPTSYQIGNRYLGTEQEFKEMCAAAEEYGIKVIVDAVLNHTTSDYAAISNEVKSIPNWTHGNTPIKNWSDRWDVTQHSLLGLYDWNTQNTQVQSYLKRFLDRALNDGADGFRFDAAKHIELPDDGSYGSQFWPNITNTSAEFQYGEILQDSVSRDAAYANYMDVTASNYGHSIRSALKNRNLGVSNISHYAIDVSADKLVTWVESHDTYANDDEESTWMSDDDIRLGWAVIASRSGSTPLFFSRPEGGGNGVRFPGKSQIGDRGSALFEDQAITAVNRFHNVMAGQPEELSNPNGNNQIFMNQRGSHGVVLANAGSSSVSINTATKLPDGRYDNKAGAGSFQVNDGKLTGTINARSVAVLYPD,4.135982836
29,ATAPSIKSGTILHAWNWSFNTLKHNMKDIHDAGYTAIQTSPINQVKEGNQGDKSMSNWYWLYQPTSYQIGNRYLGTEQEFKEMCAAAEEYGIKVIVDAVLNHTTSDYAAISNEVKSIPNWTHGNTPIKNWSDRWDVTQNSLYGLYDWNTQNTQVQSYLKRFLDRALNDGADGFRFDAAKHIELPDDGSYGSQFWPNITNTSAEFQYGEILQDSVSRDAAYANYMDITASNYGHSIRSALKNRNLGVSNISHYAIDVSADKLVTWVESHDTYANDDEESTWMSDDDIRLGWAVIASRSGSTPLFFSRPEGGGNGVRFPGKSQIGDRGSALFEDQAITAVNRFHNVMAGQPEELSNPNGNNQIFMNQRGSHGVVLANAGSSSVSINTATKLPDGRYDNKAGAGSFQVNDGKLTGTINARSVAVLYAD,3.856401023
30,ATAPSIKSGTILHAWNWSFNTLKHNMKDIHDAGYTAIQTSPINQVKEGNQGDKSMSNWYWLYQPTSYQIGNRYLGTEQEFKEMCAAAEEYGIKVIVDAVLNHTTSDYAAISNEVKSIPNWTHGNTPIKNWSDRWDVTQNSLYGLYDWNTQNTQVQSYLKRFLDRALNDGADGFRFDAAKHIELPDDGSYGSQFWPNITNTSAEFQYGEILQDSVSRDAAYANYMDITASNYGHSIRSALKNRNLGVSNISHYAIDVSADKLVTWVESHDTYANDDEESTWMSDDDIRLGWAVIASRSGSTPLFFSRPEGGGNGVRFPGKSQIGDRGSALFEDQAITAVNRFHNVMAGQPEELSNPNGNNQIFMNQRGSHGVVLANAGSSSVSINTATKLPDGRYDNKAGAGMFQVNDGKLTGTINARSVAVLYPD,3.70781061
31,ATAPSIKSGTILHAWNWSFNTLKHNMKDIHDAGYTAIQTSPINQVKEGNQGDKSMSNWYWLYQPTSYQIGNRYLGTEQEFKEMCAAAEEYGIKVIVDAVLNHTTSDYAAISNEVKSIPNWTHGNTPIKNWSDRWDVTQHSLYGLYDWNTQNTQVQSYLKRFLDRALNDGADGFRFDAAKHIELPDDGSYGSQFWPNITNTSAEFQYGEILQDSVSRDAAYANYMDITASNYGHSIRSALKNRNLGVSNISHYAIDVSADKLVTWVESHDTYANDDEESTWMSDDDIRLGWAVIASRSGSTPLFFSRPEGGGNGVRFPGKSQIGDRGSALFEDQAITAVNRFHNVMAGQPEELSNPNGNNQIFMNQRGSHGVVLANAGSSSVSINTATKLPDGRYDNKAGAGSFQVNDGKLTGTINARSVAVLYPD,3.684902263
32,ATAPSIKSGTILHAWNWSFNTLKHNMKDIHDAGYTAIQTSPINQVKEGNQGDKSMSNWYWLYQPTSYQIGNRYLGTEQEFKEMCAAAEEYGIKVIVDAVLNHTTSDYAAISNEVKSIPNWTHGNTPIKNWSDRWDVTQHSLYGLYDWNTQNTQVQSYLKRFLDRALNDGADGFRFDAAKHIELPDDGSYGSQFWPNITNTSAEFQYGEILQDSVSRDAAYANYMDITASNYGHSIRSALKNRNLGVSNISHYAIDVSADKLVTWVESHDTYANDDEESTWMSDDDIRLGWAVIASRSGSTPLFFSRPEGGGNGVRFPGKSQIGDRGSALFEDQAITAVNRFHNVMAGQPEELSNPNGNNQIFMNQRGSHGVVLANAGSSSVSINTATKLPDGRYDNKAGAGMFQVNDGKLTGTINARSVAVLYPD,3.618373132
33,ATAPSIKSGTILHAWNWSFNTLKHNMKDIHDAGYTAIQTSPINQVKEGNQGDKSMSNWYWLYQPTSYHIGNRYLGTEQEFKEMCAAAEEYGIKVIVDAVLNHTTSDYAAISNEVKSIPNWTHGNTPIKNWSDRWDVTQHSLLGLYDWNTQNTQVQSYLKRFLDRALNDGADGFRFDAAKHIELPDDGSYGSQFWPNITNTSAEFQYGEILQDSVSRDAAYANYMDITASNYGHSIRSALKNRNLGVSNISHYAIDVSADKLVTWVESHDTYANDDEESTWMSDDDIRLGWAVIASRSGSTPLFFSRPEGGGNGVRFPGKSQIGDRGSALFEDQAITAVNRFHNVMAGQPEELSNPNGNNQIFMNQRGSHGVVLANAGSSSVSINTATKLPDGRYDNKAGAGSFQVNDGKLTGTINARSVAVLYPD,3.522055855
34,ATAPSIKSGTILHAWNWSFNTLKHNMKDIHDAGYTAIQTSPINQVKEGNQGDKSMSNWYWLYQPTSYHIGNRYLGTEQEFKEMCAAAEEYGIKVIVDAVLNHTTSDYAAISNEVKSIPNWTHGNTPIKNWSDRWDVTQHSLYGLYDWNTQNTQVQSYLKRFLDRALNDGADGFRFDAAKHIELPDDGSYGSQFWPNITNTSAEFQYGEILQDSVSRDAAYANYMDVTASNYGHSIRSALKNRNLGVSNISHYAIDVSADKLVTWVESHDTYANDDEESTWMSDDDIRLGWAVIASRSGSTPLFFSRPEGGGNGVRFPGKSQIGDRGSALFEDQAITAVNRFHNVMAGQPEELSNPNGNNQIFMNQRGSHGVVLANAGSSSVSINTATKLPDGRYDNKAGAGMFQVNDGKLTGTINARSVAVLYPD,3.391137196
35,ATAPSIKSGTILHAWNWSFNTLKHNMKDIHDAGYTAIQTSPIMQVKEGNQGDKSMSNWYWLYQPTSYQIGNRYLGTEQEFKEMCAAAEEYGIKVIVDAVLNHTTSDYAAISNEVKSIPNWTHGNTPIKNWSDRWDVTQNSLYGLYDWNTQNTQVQSYLKRFLDRALNDGADGFRFDAAKHIELPDDGSYGSQFWPNITNTSAEFQYGEILQDSVSRDAAYANYMDITASNYGHSIRSALKNRNLGVSNISHYAIDVSADKLVTWVESHDTYANDDEESTWMSDDDIRLGWAVIASRSGSTPLFFSRPEGGGNGVRFPGKSQIGDRGSALFEDQAITAVNRFHNVMAGQPEELSNPNGNNQIFMNQRGSHGVVLANAGSSSVSINTATKLPDGRYDNKAGAGMFQVNDGKLTGTINARSVAVLYPD,3.220963179
36,ATAPSIKSGTILHAWNWSFNTLKHNMKDIHDAGYTAIQTSPINQVKEGNQGDKSMSNWYWLYQPTSYHIGNRYLGTEQEFKEMCAAAEEYGIKVIVDAVLNHTTSDYAAISNEVKSIPNWTHGNTPIKNWSDRWDVTQNSLYGLYDWNTQNTQVQSYLKRFLDRALNDGADGFRFDAAKHIELPDDGSYGSQFWPNITNTSAEFQYGEILQDSVSRDAAYANYMDITASNYGHSIRSALKNRNLGVSNISHYAIDVSADKLVTWVESHDTYANDDEESTWMSDDDIRLGWAVIASRSGSTPLFFSRPEGGGNGVRFPGKSQIGDRGSALFEDQAITAVNRFHNVMAGQPEELSNPNGNNQIFMNQRGSHGVVLANAGSSSVSINTATKLPDGRYDNKAGAGSFQVNDGKLTGTINARSVAVLYPD,3.151007406
37,ATAPSIKSGTILHAWNWSFNTLKHNMKDIHDAGYTAIQTSPINQVKEGNQGDKSMSNWYWLYQPTSYQIGNRYLGTEQEFKEMCAAAEEYGIKVIVDAVLNHTTSDYAAISNEVKSIPNWTHGNTPIKNWSDRWDVTQHSLYGLYDWNTQNTQVQSYLKRFLDRALNDGADGFRFDAAKHIELPDDGSYGSQFWPNITNTSAEFQYGEILQDSVSRDAAYANYMDVTASNYGHSIRSALKNRNLGVSNISHYAIDVSADKLVTWVESHDTYANDDEESTWMSDDDIRLGWAVIASRSGSTPLFFSRPEGGGNGVRFPGKSQIGDRGSALFEDQAITAVNRFHNVMAGQPEELSNPNGNNQIFMNQRGSHGVVLANAGSSSVSINTATKLPDGRYDNKAGAGSFQVNDGKLTGTINARSVAVLYPD,2.477186186
38,ATAPSIKSGTILHAWNWSFNTLKHNMKDIHDAGYTAIQTSPINQVKEGNQGDKSMSNWYWLYQPTSYQIGNRYLGTEQEFKEMCAAAEEYGIKVIVDAVLNHTTSDYAAISNEVKSIPNWTHGNTPIKNWSDRWDVTQNSLYGLYDWNTQNTQVQSYLKRFLDRALNDGADGFRFDAAKHIELPDDGSYGSQFWPNITNTSAEFQYGEILQDSVSRDAAYANYMDITASNYGHSIRSALKNRNLGVSNISHYAIDVSADKLVTWVESHDTYANDDEESTWMSDDDIRLGWAVIASRSGSTPLFFSRPEGGGNGVRFPGKSQIGDRGSALFEDQAITAVNRFHNVMAGQPEELSNPNGNNQIFMNQRGSHGVVLANAGSSSVSINTATKLPDGRYDNKAGAGSFQVNDGKLTGTINARSVAVLYPD,2.429574738
39,ATAPSIKSGTILHAWNWSFNTLKHNMKDIHDAGYTAIQTSPINQVKEGNQGDKSMSNWYWLYQPTSYQIGNRYLGTEQEFKEMCAAAHEYGIKVIVDAVMNHTTSDYAAISNEVKSIPNWTHGNTPIKNWSDRWDVTQNSLLGLYDWNTQNTQVQSYLKRFLDRALNDGADGFRFDAAKHIELPDDGSYGSQFWPNITNTSAEFQYGEILQDSVSRDAAYANYMDVTASNYGHSIRSALKNRNLGVSNISHYAIDVSADKLVTWVESHDTYANDDEESTWMSDDDIRLGWAVIASRSGSTPLFFSRPEGGGNGVRFPGKSQIGDRGSALFEDQAITAVNRFHNVMAGQPEELSNPNGNNQIFMNQRGSHGVVLANAGSSSVSINTATKLPDGRYDNKAGAGSFQVNDGKLTGTINARSVAVLYPD,1.87054566
40,ATAPSIKSGTILHAWNWSFNTLKHNMKDIHDAGYTAIQTSPINQVKEGNQGDKSMSNWYWLYQPTSYQIGNRYLGTEQEFKEMCAAAEEYGIKVIVDAVINHTTSDYAEISNEVKSIPNWTHGNTPIKNWSDRWDVTQNSLYGLYDWNTQNTQVQSYLKRFLDRALNDGADGFRFDAAKHIELPDDGSYGSQFWPNITNTSAEFQYGEILQDSVSRDAAYANYMDVTASNYGHSIRSALKNRNLGVSNISHYAIDVSADKLVTWVESHDTYANDDEESTWMSDDDIRLGWAVIASRSGSTPLFFSRPEGGGNGVRFPGKSQIGDRGSALFEDQAITAVNRFHNVMAGQPEELSNPNGNNQIFMNQRGSHGVVLANAGSSSVSINTATKLPDGRYDNKAGAGSFQVNDGKLTGTINARSVAVLYPD,1.780867471
41,ATAPSIKSGTILHAWNWSFNTLKHNMKDIHDAGYTAIQTSPINQVKEGNQGDKSMSNWYWLYQPTSYQIGNRYLGTEQEFKEMCAAAEEYGIKVIVDAVINHTTSDYAEISNEVKSIPYWTHGNTPIKNWSDRWDVTQNSLLGLYDWNTQNTQVQSYLKRFLDRALNDGADGFRFDAAKHIELPDDGSYGSQFWPNITNTSAEFQYGEILQDSVSRDAAYANYMDVTASNYGHSIRSALKNRNLGVSNISHYAIDVSADKLVTWVESHDTYANDDEESTWMSDDDIRLGWAVIASRSGSTPLFFSRPEGGGNGVRFPGKSQIGDRGSALFEDQAITAVNRFHNVMAGQPEELSNPNGNNQIFMNQRGSHGVVLANAGSSSVSINTATKLPDGRYDNKAGAGSFQVNDGKLTGTINARSVAVLYPD,1.756758306
42,ATAPSIKSGTILHAWNWSFNTLKHNMKDIHDAGYTAIQTSPINQVKEGNQGDKSMSNWYWLYQPTSYQIGNRYLGTEQEFKEMCAAAHEYGIKVIVDAVMNHTTSDYAAISNEVKSIPNWTHGNTPIKNWNDRWDVTQNSLLGLYDWNTQNTQVQSYLKRFLDRALNDGADGFRFDAAKHIELPDDGWYGSQFWPNITNTSAEFQYGEILQDSVSRDAAYANYMDITASNYGHSIRSALKNRNLGVSNISHYAIDVSADKLVTWVESHDTYANDDEESTWMSDDDIRLGWAVIASRSGSTPLFFSRPEGGGNGVRFPGKSQIGDRGSALFEDQAITAVNRFHNVMAGQPEELSNPNGNNQIFMNQRGSHGVVLANAGSSSVSINTATKLPDGRYDNKAGAGSFQVNDGKLTGTINARSVAVLYPD,1.686797005
43,ATAPSIKSGTILHAWNWSFNTLKHNMKDIHDAGYTAIQTSPINQVKEGNQGDKSMSNWYWLYQPTSYQIGNRYLGTEQEFKEMCAAAEEYGIKVIVDAVINHTTSDYAAISNEVKSIPYWTHGNTPIKNWSDRWDVTQNSLLGLYDWNTQNTQVQSYLKRFLDRALNDGADGFRFDAAKHIELPDDGSYGSQFWPNITNTSAEFQYGEILQDSVSRDAAYANYMDVTASNYGHSIRSALKNRNLGVSNISHYAIDVSADKLVTWVESHDTYANDDEESTWMSDDDIRLGWAVIASRSGSTPLFFSRPEGGGNGVRFPGKSQIGDRGSALFEDQAITAVNRFHNVMAGQPEELSNPNGNNQIFMNQRGSHGVVLANAGSSSVSINTATKLPDGRYDNKAGAGSFQVNLGKLTGTINARSVAVLYPD,1.673416915
44,ATAPSIKSGTILHAWNWSFNTLKHNMKDIHDAGYTAIQTSPINQVKEGNQGDKSMSNWYWLYQPTSYQIGNRYLGTEQEFKEMCAAAEEYGIKVIVDAVLNHTTSDYAAISNEVKSIPNWTHGNTPIKNWSDRWDVTQNSLLGLYDWNTQNTQVQSYLKRFLDRALNDGADGFRFDAAKHIELPDDGWYGSQFWPNITNTSAEFQYGEILQDSVSRDAAYANYMDITASNYGHSIRSALKNRNLGVSNISHYAIDVSADKLVTWVESHDTYANDDEESTWMSDDDIRLGWAVIASRSGSTPLFFSRPEGGGNGVRFPGKSQIGDRGSALFEDQAITAVNRFHNVMAGQPEELSNPNGNNQIFMNQRGSHGVVLANAGSSSVSINTATKLPDGRYDNKAGAGSFQVNDGKLTGTINARSVAVLYPD,1.6597718
45,ATAPSIKSGTILHAWNWSFNTLKHNMKDIHDAGYTAIQTSPINQVKEGNQGDKSMSNWYWLYQPTSYQIGNRYLGTEQEFKEMCAAAEEYGIKVIVDAVINHTTSDYAAISNEVKSIPNWTHGNTPIKNWSDRWDVTQNSLLGLYDWNTQNTQVQSYLKRFLDRALNDGADGFRFDAAKHIELPDDGSYGSQFWPNITNTSAEFQYGEILQDSVSRDAAYANYMDVTASNYGHSIRSALKNRNLGVTNISHYAIDVSADKLVTWVESHDTYANDDIESTWMSDDDIRLGWAVIASRSGSTPLFFSRPEGGGNGVRFPGKSQIGDRGSALFEDQAITAVNRFHNVMAGQPEELSNPNGVNQIFMNQRGSHGVVLANAGSSSVSINTATKLPDGRYDNKAGAGSFQVNLGKLTGTINARSVAVLYPD,1.657458564
46,ATAPSIKSGTILHAWNWSFNTLKHNMKDIHDAGYTAIQTSPINQVKEGNQGDKSMSNWYWLYQPTSYQIGNRYLGTEQEFKEMCAAAEEYGIKVIVDAVINHTTSDYAAISNEVKSIPNWTHGNTPIKNWSDRWDVTQNSLLGLYDWNTQNTQVQSYLKRFLDRALNDGADGFRFDAAKHIELPDDGSYGSQFWPNITNTSAEFQYGEILQDSVSRDAAYANYMDVTASNYGHSIRSALKNRNLGVSNISHYAIDVSADKLVTWVESHDTYANDDIESTWMSDDDIRLGWAVIASRSGSTPLFFSRPEGGGNGVRFPGKSQIGDRGSALFEDQAITAVNRFHNVMAGQPEELSNPNGNNQIFMNQRGSHGVVLANAGSSSVSINTATKLPDGRYDNKAGAGSFQVNDGKLTGTINARSVAVLYPD,1.615476498
47,ATAPSIKSGTILHAWNWSFNTLKHNMKDIHDAGYTAIQTSPINQVKEGNQGDKSMSNWYWLYQPTSYQIGNRYLGTEQEFKEMCAAAEEYGIKVIVDAVMNHTTSDYAAISNEVKSIPNWTHGNTPIKNWSDRWDVTQNSLLGLYDWNTQNTQVQSYLKRFLDRALNDGADGFRFDAAKHIELPDDGSYGSQFWPNITNTSAEFQYGEILQDSVSRDAAYANYMDITASNYGHSIRSALKNRNLGVSNISHYAIDVSADKLVTWVESHDTYANDDEESTWMSDDDIRLGWAVIASRSGSTPLFFSRPEGGGNGVRFPGKSQIGDRGSALFEDQAITAVNRFHNVMAGQPEELSNPNGNNQIFMNQRGSHGVVLANAGSSSVSINTATKLPDGRYDNKAGAGSFQVNDGKLTGTINARSVAVLYPD,1.605761295
48,ATAPSIKSGTILHAWNWSFNTLKHNMKDIHDAGYTAIQTSPINQVKEGNQGDKSMSNWYWLYQPTSYQIGNRYLGTEQEFKEMCAAAEEYGIKVIVDAVINHTTSDYAEISNEVKSIPNWTHGNTPIKNWSDRWDVTQNSLLGLYDWNTQNTQVQSYLKRFLDRALNDGADGFRFDAAKHIELPDDGSYGSQFWPNITNTSAEFQYGEILQDSVSRDAAYANYMDVTASNYGHSIRSALKNRNLGVSNISHYAIDVSADKLVTWVESHDTYANDDIESTWMSDDDIRLGWAVIASRSGSTPLFFSRPEGGGNGVRFPGKSQIGDRGSALFEDQAITAVNRFHNVMAGQPEELSNPNGNNQIFMNQRGSHGVVLANAGSSSVSINTATKLPDGRYDNKAGAGSFQVNLGKLTGTINARSVAVLYPD,1.527730557
49,ATAPSIKSGTILHAWNWSFNTLKHNMKDIHDAGYTAIQTSPINQVKEGNQGDKSMSNWYWLYQPTSYQIGNRYLGTEQEFKEMCAAAHEYGIKVIVDAVMNHTTSDYAAISNEVKSIPNWTHGNTPIKNWSDRWDVTQNSLYGLYDWNTQNTQVQSYLKRFLDRALNDGADGFRFDAAKHIELPDDGSYGSQFWPNITNTSAEFQYGEILQDSVSRDAAYANYMDITASNYGHSIRSALKNRNLGVSNISHYAIDVSADKLVTWVESHDTYANDDEESTWMSDDDIRLGWAVIASRSGSTPLFFSRPEGGGNGVRFPGKSQIGDRGSALFEDQAITAVNRFHNVMAGQPEELSNPNGNNQIFMNQRGSHGVVLANAGSSSVSINTATKLPDGRYDNKAGAGSFQVNDGKLTGTINARSVAVLYPD,1.525104736
50,MLDSRWFKAAGVAVAITLASATAVHAAPAPEPAAEPAEAVAAVVTLRYDDSRAGGWEAAIAAGVASWNANVGNVKLVEAASGAAVRIVATSGWPQATLGPVRPGRQVRVELGSQAVTEGHNKTRIAAHELGHSLGLPDTKPGPCSQLMSGSSAGTSCKNAVPNATEQSRVESAYAGGLASLVPTDGRIVVDAP,1.525104736
51,ATAPSIKSGTILHAWNWSFNTLKHNMKDIHDAGYTAIQTSPINQVKEGNQGDKSMSNWYWLYQPTSYQIGNRYLGTEQEFWEMCAAAEEYGIKVIVDAVLNHTTSDYAAISNEVKSIPNWTHGNTPIKNWSDRWDVTQNSLLGLYDWNTQNTQVQSYLKRFLDRALNDGADGFRFDAAKHIELPDDGSYGSQFWPNITNTSAEFQYGEILQDSVSRDAAYANYMDITASNYGHSIRSALKNRNLGVSNISHYAIDVSADKLVTWVESHDTYANDDEESTWMSDDDIRLGWAVIASRSGSTPLFFSRPEGGGNGVRFPGKSQIGDRGSALFEDQAITAVNRFHNVMAGQPEELSNPNGNNQIFMNQRGSHGVVLANAGSSSVSINTATKLPDGRYDNKAGAGSFQVNDGKLTGTINARSVAVLYPD,1.51082699
52,MKKLFEGLLHFQKHFYDNDDQLFSQLKNGQTPRVLLIACTDSRIDPNLITHTMPGDLFVMRNMGNLIPTHGLGGRFSSISAAIEYGLLNLQVEDVIVCGHSDCGAMNALHTHPKLKNLLPVLAAWKLAEPTQRITAQHPGSTDEEIRHVNIANVLEQMEHLRTYPLVGELLQDGQLRLYGWYYIIETGHIYNYNDNRKAFKLIENEK,1.51082699
53,ATAPSIKSGTILHAWNWSFNTLKHNMKDIHDAGYTAIQTSPINQVKEGNQGDKSMSNWYWLYQPTSYQIGNRYLGTEQEFKEMCAAAEEYGIKVIVDAVMNHTTSDYAAISNEVKSIPNWTHGNTPIKNWNDRWDVTQNSLYGLYDWNTQNTQVQSYLKRFLDRALNDGADGFRFDAAKHIELPDDGSYGSQFWPNITNTSAEFQYGEILQDSVSRDAAYANYMDITASNYGHSIRSALKNRNLGVSNISHYAIDVSADKLVTWVESHDTYANDDEESTWMSDDDIRLGWAVIASRSGSTPLFFSRPEGGGNGVRFPGKSQIGDRGSALFEDQAITAVNRFHNVMAGQPEELSNPNGNNQIFMNQRGSHGVVLANAGSSSVSINTATKLPDGRYDNKAGAGSFQVNDGKLTGTINARSVAVLYPD,1.478085193
54,ATAPSIKSGTILHAWNWSFNTLKHNMKDIHDAGYTAIQTSPINQVKEGNQGDKSMSNWYWLYQPTSYQIGNRYLGTEQEFKEMCAAAHEYGIKVIVDAVMNHTTSDYAAISNEVKSIPNWTHGNTPIKNWSDRWDVTQNSLLGLYDWNTQNTQVQSYLKRFLDRALNDGADGFRFDAAKHIELPDDGSYGSMFWPNITNTSAEFQYGEILQDSVSRDAAYANYMDITASNYGHSIRSALKNRNLGVSNISHYAIDVSADKLVTWVESHDTYANDDEESTWMSDDDIRLGWAVIASRSGSTPLFFSRPEGGGNGVRFPGKSQIGDRGSALFEDQAITAVNRFHNVMAGQPEELSNPNGNNQIFMNQRGSHGVVLANAGSSSVSINTATKLPDGRYDNKAGAGSFQVNDGKLTGTINARSVAVLYPD,1.465070286
55,ATAPSIKSGTILHAWNWSFNTLKHNMKDIHDAGYTAIQTSPINQVKEGNQGDKSMSNWYWLYQPTSYQIGNRYLGTEQEFKEMCAAAEEYGIKVIVDAVMNHTTSDYAAISNEVKSIPNWTHGNTPIKNWNDRWDVTQNSLLGLYDWNTQNTQVQSYLKRFLDRALNDGADGFRFDAAKHIELPDDGWYGSMFWPNITNTSAEFQYGEILQDSVSRDAAYANYMDVTASNYGHSIRSALKNRNLGVSNISHYAIDVSADKLVTWVESHDTYANDDEESTWMSDDDIRLGWAVIASRSGSTPLFFSRPEGGGNGVRFPGKSQIGDRGSALFEDQAITAVNRFHNVMAGQPEELSNPNGNNQIFMNQRGSHGVVLANAGSSSVSINTATKLPDGRYDNKAGAGSFQVNDGKLTGTINARSVAVLYPD,1.424280296
56,ATAPSIKSGTILHAWNWSFNTLKHNMKDIHDAGYTAIQTSPINQVKEGNQGDKSMSNWYWLYQPTSYQIGNRYLGTEQEFKEMCAAAEEYGIKVIVDAVINHTTSDYAAISNEVKSIPYWTHGNTPIKNWSDRWDVTQNSLLGLYDWNTQNTQVQSYLKRFLDRALNDGADGFRFDAAKHIELPDDGSYGSQFWPNITNTSAEFQYGEILQDSVSRDAAYANYMDVTASNYGHSIRSALKNRNLGVTNISHYAIDVSADKLVTWVESHDTYANDDEESTWMSDDDIRLGWAVIASRSGSTPLFFSRPEGGGNGVRFPGKSQIGDRGSALFEDQAITAVNRFHNVMAGQPEELSNPNGNNQIFMNQRGSHGVVLANAGSSSVSINTATKLPDGRYDNKAGAGSFQVNDGKLTGTINARSVAVLYPD,1.415245248
57,ATAPSIKSGTILHAWNWSFNTLKHNMKDIHDAGYTAIQTSPINQVKEGNQGDKSMSNWYWLYQPTSYQIGNRYLGTEQEFKEMCAAAHEYGIKVIVDAVMNHTTSDYAAISNEVKSIPNWTHGNTPIKNWSDRWDVTQNSLLGLWDWNTQNTQVQSYLKRFLDRALNDGADGFRFDAAKHIELPDDGSYGSMFWPNITNTSAEFQYGEILQDSVSRDAAYANYMDVTASNYGHSIRSALKNRNLGVSNISHYAIDVSADKLVTWVESHDTYANDDEESTWMSDDDIRLGWAVIASRSGSTPLFFSRPEGGGNGVRFPGKSQIGDRGSALFEDQAITAVNRFHNVMAGQPEELSNPNGNNQIFMNQRGSHGVVLANAGSSSVSINTATKLPDGRYDNKAGAGSFQVNDGKLTGTINARSVAVLYPD,1.373420129
58,ATAPSIKSGTILHAWNWSFNTLKHNMKDIHDAGYTAIQTSPINQVKEGNQGDKSMSNWYWLYQPTSYQIGNRYLGTEQEFKEMCAAAEEYGIKVIVDAVMNHTTSDYAAISNEVKSIPNWTHGNTPIKNWNDRWDVTQNSLYGLYDWNTQNTQVQSYLKRFLDRALNDGADGFRFDAAKHIELPDDGSYGSMFWPNITNTSAEFQYGEILQDSVSRDAAYANYMDVTASNYGHSIRSALKNRNLGVSNISHYAIDVSADKLVTWVESHDTYANDDEESTWMSDDDIRLGWAVIASRSGSTPLFFSRPEGGGNGVRFPGKSQIGDRGSALFEDQAITAVNRFHNVMAGQPEELSNPNGNNQIFMNQRGSHGVVLANAGSSSVSINTATKLPDGRYDNKAGAGSFQVNDGKLTGTINARSVAVLYPD,1.352619625
59,ATAPSIKSGTILHAWNWSFNTLKHNMKDIHDAGYTAIQTSPINQVKEGNQGDKSMSNWYWLYQPTSYQIGNRYLGTEQEFKEMCAAAEEYGIKVIVDAVINHTTSDYAEISNEVKSIPNWTHGNTPIKNWSDRWDVTQNSLYGLYDWNTQNTQVQSYLKRFLDRALNDGADGFRFDAAKHIELPDDGSYGSQFWPNITNTSAEFQYGEILQDSVSRDAAYANYMDVTASNYGHSIRSALKNRNLGVTNISHYAIDVSADKLVTWVESHDTYANDDEESTWMSDDDIRLGWAVIASRSGSTPLFFSRPEGGGNGVRFPGKSQIGDRGSALFEDQAITAVNRFHNVMAGQPEELSNPNGVNQIFMNQRGSHGVVLANAGSSSVSINTATKLPDGRYDNKAGAGSFQVNDGKLTGTINARSVAVLYPD,1.32339535
60,ATAPSIKSGTILHAWNWSFNTLKHNMKDIHDAGYTAIQTSPINQVKEGNQGDKSMSNWYWLYQPTSYQIGNRYLGTEQEFKEMCAAAEEYGIKVIVDAVMNHTTSDYAAISNEVKSIPNWTHGNTPIKNWSDRWDVTQNSLLGLYDWNTQNTQVQSYLKRFLDRALNDGADGFRFDAAKHIELPDDGSYGSQFWPNITNTSAEFQYGEILQDSVSRDAAYANYMDVTASNYGHSIRSALKNRNLGVSNISHYAIDVSADKLVTWVESHDTYANDDEESTWMSDDDIRLGWAVIASRSGSTPLFFSRPEGGGNGVRFPGKSQIGDRGSALFEDQAITAVNRFHNVMAGQPEELSNPNGNNQIFMNQRGSHGVVLANAGSSSVSINTATKLPDGRYDNKAGAGSFQVNDGKLTGTINARSVAVLYPD,1.307345597
61,ATAPSIKSGTILHAWNWSFNTLKHNMKDIHDAGYTAIQTSPINQVKEGNQGDKSMSNWYWLYQPTSYQIGNRYLGTEQEFKEMCAAAEEYGIKVIVDAVINHTTSDYAAISNEVKSIPNWTHGNTPIKNWSDRWDVTQNSLLGLYDWNTQNTQVQSYLKRFLDRALNDGADGFRFDAAKHIELPDDGSYGSQFWPNITNTSAEFQYGEILQDSVSRDAAYANYMDVTASNYGHSIRSALKNRNLGVTNISHYAIDVSADKLVTWVESHDTYANDDIESTWMSDDDIRLGWAVIASRSGSTPLFFSRPEGGGNGVRFPGKSQIGDRGSALFEDQAITAVNRFHNVMAGQPEELSNPNGVNQIFMNQRGSHGVVLANAGSSSVSINTATKLPDGRYDNKAGAGSFQVNDGKLTGTINARSVAVLYPD,1.29232004
62,ATAPSIKSGTILHAWNWSFNTLKHNMKDIHDAGYTAIQTSPINQVKEGNQGDKSMSNWYWLYQPTSYQIGNRYLGTEQEFKEMCAAAEEYGIKVIVDAVINHTTSDYAEISNEVKSIPNWTHGNTPIKNWSDRWDVTQNSLYGLYDWNTQNTQVQSYLKRFLDRALNDGADGFRFDAAKHIELPDDGSYGSQFWPNITNTSAEFQYGEILQDSVSRDAAYANYMDVTASNYGHSIRSALKNRNLGVSNISHYAIDVSADKLVTWVESHDTYANDDIESTWMSDDDIRLGWAVIASRSGSTPLFFSRPEGGGNGVRFPGKSQIGDRGSALFEDQAITAVNRFHNVMAGQPEELSNPNGVNQIFMNQRGSHGVVLANAGSSSVSINTATKLPDGRYDNKAGAGSFQVNDGKLTGTINARSVAVLYPD,1.289940658
63,ATAPSIKSGTILHAWNWSFNTLKHNMKDIHDAGYTAIQTSPINQVKEGNQGDKSMSNWYWLYQPTSYQIGNRYLGTEQEFKEMCAAAEEYGIKVIVDAVINHTTSDYAAISNEVKSIPYWTHGNTPIKNWSDRWDVTQNSLYGLYDWNTQNTQVQSYLKRFLDRALNDGADGFRFDAAKHIELPDDGSYGSQFWPNITNTSAEFQYGEILQDSVSRDAAYANYMDVTASNYGHSIRSALKNRNLGVSNISHYAIDVSADKLVTWVESHDTYANDDEESTWMSDDDIRLGWAVIASRSGSTPLFFSRPEGGGNGVRFPGKSQIGDRGSALFEDQAITAVNRFHNVMAGQPEELSNPNGVNQIFMNQRGSHGVVLANAGSSSVSINTATKLPDGRYDNKAGAGSFQVNLGKLTGTINARSVAVLYPD,1.242010199
64,ATAPSIKSGTILHAWNWSFNTLKHNMKDIHDAGYTAIQTSPINQVKEGNQGDKSMSNWYWLYQPTSYQIGNRYLGTEQEFKEMCAAAEEYGIKVIVDAVINHTTSDYAEISNEVKSIPYWTHGNTPIKNWSDRWDVTQNSLLGLYDWNTQNTQVQSYLKRFLDRALNDGADGFRFDAAKHIELPDDGSYGSQFWPNITNTSAEFQYGEILQDSVSRDAAYANYMDVTASNYGHSIRSALKNRNLGVTNISHYAIDVSADKLVTWVESHDTYANDDEESTWMSDDDIRLGWAVIASRSGSTPLFFSRPEGGGNGVRFPGKSQIGDRGSALFEDQAITAVNRFHNVMAGQPEELSNPNGVNQIFMNQRGSHGVVLANAGSSSVSINTATKLPDGRYDNKAGAGSFQVNLGKLTGTINARSVAVLYPD,1.23844029
65,ATAPSIKSGTILHAWNWSFNTLKHNMKDIHDAGYTAIQTSPINQVKEGNQGDKSMSNWYWLYQPTSYQIGNRYLGTEQEFKEMCAAAEEYGIKVIVDAVINHTTSDYAEISNEVKSIPYWTHGNTPIKNWSDRWDVTQNSLYGLYDWNTQNTQVQSYLKRFLDRALNDGADGFRFDAAKHIELPDDGSYGSQFWPNITNTSAEFQYGEILQDSVSRDAAYANYMDVTASNYGHSIRSALKNRNLGVSNISHYAIDVSADKLVTWVESHDTYANDDEESTWMSDDDIRLGWAVIASRSGSTPLFFSRPEGGGNGVRFPGKSQIGDRGSALFEDQAITAVNRFHNVMAGQPEELSNPNGVNQIFMNQRGSHGVVLANAGSSSVSINTATKLPDGRYDNKAGAGSFQVNLGKLTGTINARSVAVLYPD,1.234934126
66,ATAPSIKSGTILHAWNWSFNTLKHNMKDIHDAGYTAIQTSPINQVKEGNQGDKSMSNWYWLYQPTSYQIGNRYLGTEQEFWEMCAAAEEYGIKVIVDAVLNHTTSDYAAISNEVKSIPNWTHGNTPIKNWSDRWDVTQNSLLGLYDWNTQNTQVQSYLKRFLDRALNDGADGFRFDAAKHIELPDDGWYGSQFWPNITNTSAEFQYGEILQDSVSRDAAYANYMDITASNYGHSIRSALKNRNLGVSNISHYAIDVSADKLVTWVESHDTYANDDEESTWMSDDDIRLGWAVIASRSGSTPLFFSRPEGGGNGVRFPGKSQIGDRGSALFEDQAITAVNRFHNVMAGQPEELSNPNGNNQIFMNQRGSHGVVLANAGSSSVSINTATKLPDGRYDNKAGAGSFQVNDGKLTGTINARSVAVLYPD,1.221897638
67,MIPIIPVDSAATGLSPDAERLTRDAQHDIQRPHPQIAHYLRPGTLQLPALPPLSLYVHLPWCLKRCPYCDFNSHAWRRADVPPEQRYLDAVRADLESALPFIWGRRVQSIFIGGGTPSLFAPDQIERLIGDIRARLPMDPGCEITLEANPGTFERDRFRAYRAAGVTRLSIGVQSFNDAKLAALGRVHDGAQARAAVDEAADAFETFNIDLMYALPGQTLVHFDTDLAQALQFAPPHLSVYHLTIEPNTVFAKFPPSVPDDDQAAYDMLDRRAVAERATGAGMERYEISAHAKPGHRCWHSLHNANYWEFGDYLGIGAGAHSKLSFPHRVVRQQTRLRDPALYMAQALAGHALAQDTEVPRADLPFEFMLNALRLREGVALSRFTERTGLPLSAIEAPLAQAVARGLIERGGAAARPAPDARSPASARLLPTARSAAGFDFS,1.221897638
68,ATAPSIKSGTILHAWNWSFNTLKHNMKDIHDAGYTAIQTSPINQVKEGNQGDKSMSNWYWLYQPTSYQIGNRYLGTEQEFKEMCAAAHEYGIKVIVDAVMNHTTSDYAAISNEVKSIPNWTHGNTPIKNWNDRWDVTQNSLYGLWDWNTQNTQVQSYLKRFLDRALNDGADGFRFDAAKHIELPDDGWYGSMFWPNITNTSAEFQYGEILQDSVSRDAAYANYMDITASNYGHSIRSALKNRNLGVSNISHYAIDVSADKLVTWVESHDTYANDDEESTWMSDDDIRLGWAVIASRSGSTPLFFSRPEGGGNGVRFPGKSQIGDRGSALFEDQAITAVNRFHNVMAGQPEELSNPNGNNQIFMNQRGSHGVVLANAGSSSVSINTATKLPDGRYDNKAGAGSFQVNDGKLTGTINARSVAVLYPD,1.20228399
69,ATAPSIKSGTILHAWNWSFNTLKHNMKDIHDAGYTAIQTSPINQVKEGNQGDKSMSNWYWLYQPTSYQIGNRYLGTEQEFKEMCAAAEEYGIKVIVDAVMNHTTSDYAAISNEVKSIPNWTHGNTPIKNWSDRWDVTQNSLYGLYDWNTQNTQVQSYLKRFLDRALNDGADGFRFDAAKHIELPDDGSYGSMFWPNITNTSAEFQYGEILQDSVSRDAAYANYMDITASNYGHSIRSALKNRNLGVSNISHYAIDVSADKLVTWVESHDTYANDDEESTWMSDDDIRLGWAVIASRSGSTPLFFSRPEGGGNGVRFPGKSQIGDRGSALFEDQAITAVNRFHNVMAGQPEELSNPNGNNQIFMNQRGSHGVVLANAGSSSVSINTATKLPDGRYDNKAGAGSFQVNDGKLTGTINARSVAVLYPD,1.201008018
70,ATAPSIKSGTILHAWNWSFNTLKHNMKDIHDAGYTAIQTSPINQVKEGNQGDKSMSNWYWLYQPTSYQIGNRYLGTEQEFKEMCAAAEEYGIKVIVDAVINHTTSDYAAISNEVKSIPYWTHGNTPIKNWSDRWDVTQNSLLGLYDWNTQNTQVQSYLKRFLDRALNDGADGFRFDAAKHIELPDDGSYGSQFWPNITNTSAEFQYGEILQDSVSRDAAYANYMDVTASNYGHSIRSALKNRNLGVTNISHYAIDVSADKLVTWVESHDTYANDDIESTWMSDDDIRLGWAVIASRSGSTPLFFSRPEGGGNGVRFPGKSQIGDRGSALFEDQAITAVNRFHNVMAGQPEELSNPNGVNQIFMNQRGSHGVVLANAGSSSVSINTATKLPDGRYDNKAGAGSFQVNDGKLTGTINARSVAVLYPD,1.187999884
71,ATAPSIKSGTILHAWNWSFNTLKHNMKDIHDAGYTAIQTSPINQVKEGNQGDKSMSNWYWLYQPTSYQIGNRYLGTEQEFKEMCAAAEEYGIKVIVDAVLNHTTSDYAAISNEVKSIPNWTHGNTPIKNWSDRWDVTQNSLLGLYDWNTQNTQVQSYLKRFLDRALNDGADGFRFDAAKHIELPDDGSYGSQFWPNITNTSAEFQYGEILQDSVSRDAAYANYMDITASNYGHSIRSALKNRNLGVSNISHYAIDVSADKLVTWVESHDTYANDDEESTWMSDDDIRLGWAVIASRSGSTPLFFSRPEGGGNGVRFPGKSQIGDRGSALFEDQAITAVNRFHNVMAGQPEELSNPNGNNQIFMNQRGSHGVVLANAGSSSVSINTATKLPDGRYDNKAGAGSFQVNDGKLTGTINARSVAVLYPD,1.186056565
72,ATAPSIKSGTILHAWNWSFNTLKHNMKDIHDAGYTAIQTSPINQVKEGNQGDKSMSNWYWLYQPTSYQIGNRYLGTEQEFKEMCAAAEEYGIKVIVDAVINHTTSDYAAISNEVKSIPNWTHGNTPIKNWSDRWDVTQNSLYGLYDWNTQNTQVQSYLKRFLDRALNDGADGFRFDAAKHIELPDDGSYGSQFWPNITNTSAEFQYGEILQDSVSRDAAYANYMDVTASNYGHSIRSALKNRNLGVTNISHYAIDVSADKLVTWVESHDTYANDDIESTWMSDDDIRLGWAVIASRSGSTPLFFSRPEGGGNGVRFPGKSQIGDRGSALFEDQAITAVNRFHNVMAGQPEELSNPNGVNQIFMNQRGSHGVVLANAGSSSVSINTATKLPDGRYDNKAGAGSFQVNLGKLTGTINARSVAVLYPD,1.182660434
73,ATAPSIKSGTILHAWNWSFNTLKHNMKDIHDAGYTAIQTSPINQVKEGNQGDKSMSNWYWLYQPTSYQIGNRYLGTEQEFKEMCAAAEEYGIKVIVDAVMNHTTSDYAAISNEVKSIPNWTHGNTPIKNWSDRWDVTQNSLLGLYDWNTQNTQVQSYLKRFLDRALNDGADGFRFDAAKHIELPDDGWYGSMFWPNITNTSAEFQYGEILQDSVSRDAAYANYMDITASNYGHSIRSALKNRNLGVSNISHYAIDVSADKLVTWVESHDTYANDDEESTWMSDDDIRLGWAVIASRSGSTPLFFSRPEGGGNGVRFPGKSQIGDRGSALFEDQAITAVNRFHNVMAGQPEELSNPNGNNQIFMNQRGSHGVVLANAGSSSVSINTATKLPDGRYDNKAGAGSFQVNDGKLTGTINARSVAVLYPD,1.171852073
74,ATAPSIKSGTILHAWNWSFNTLKHNMKDIHDAGYTAIQTSPINQVKEGNQGDKSMSNWYWLYQPTSYQIGNRYLGTEQEFKEMCAAAEEYGIKVIVDAVLNHTTSDYAAISNEVKSIPNWTHGNTPIKNWSDRWDVTQNSLLGLYDWNTQNTQVQSYLKRFLDRALNDGADGFRFDAAKHIELPDDGWYGGQFWPNITNTSAEFQYGEILQDSVSRDAAYANYMDVTASNYGHSIRSALKNRNLGVSNISHYAIDVSADKLVTWVESHDTYANDDEESTWMSDDDIRLGWAVIASRSGSTPLFFSRPEGGGNGVRFPGKSQIGDRGSALFEDQAITAVNRFHNVMAGQPEELSNPNGNNQIFMNQRGSHGVVLANAGSSSVSINTATKLPDGRYDNKAGAGSFQVNDGKLTGTINARSVAVLYPD,1.165244984
75,ATAPSIKSGTILHAWNWSFNTLKHNMKDIHDAGYTAIQTSPINQVKEGNQGDKSMSNWYWLYQPTSYQIGNRYLGTEQEFKEMCAAAEEYGIKVIVDAVINHTTSDYAEISNEVKSIPYWTHGNTPIKNWSDRWDVTQNSLLGLYDWNTQNTQVQSYLKRFLDRALNDGADGFRFDAAKHIELPDDGSYGSQFWPNITNTSAEFQYGEILQDSVSRDAAYANYMDVTASNYGHSIRSALKNRNLGVSNISHYAIDVSADKLVTWVESHDTYANDDIESTWMSDDDIRLGWAVIASRSGSTPLFFSRPEGGGNGVRFPGKSQIGDRGSALFEDQAITAVNRFHNVMAGQPEELSNPNGVNQIFMNQRGSHGVVLANAGSSSVSINTATKLPDGRYDNKAGAGSFQVNDGKLTGTINARSVAVLYPD,1.158443941
76,ATAPSIKSGTILHAWNWSFNTLKHNMKDIHDAGYTAIQTSPINQVKEGNQGDKSMSNWYWLYQPTSYQIGNRYLGTEQEFKEMCAAAEEYGIKVIVDAVINHTTSDYAAISNEVKSIPYWTHGNTPIKNWSDRWDVTQNSLLGLYDWNTQNTQVQSYLKRFLDRALNDGADGFRFDAAKHIELPDDGSYGSQFWPNITNTSAEFQYGEILQDSVSRDAAYANYMDVTASNYGHSIRSALKNRNLGVSNISHYAIDVSADKLVTWVESHDTYANDDIESTWMSDDDIRLGWAVIASRSGSTPLFFSRPEGGGNGVRFPGKSQIGDRGSALFEDQAITAVNRFHNVMAGQPEELSNPNGVNQIFMNQRGSHGVVLANAGSSSVSINTATKLPDGRYDNKAGAGSFQVNLGKLTGTINARSVAVLYPD,1.137717807
77,ATAPSIKSGTILHAWNWSFNTLKHNMKDIHDAGYTAIQTSPINQVKEGNQGDKSMSNWYWLYQPTSYQIGNRYLGTEQEFKEMCAAAEEYGIKVIVDAVMNHTTSDYAAISNEVKSIPNWTHGNTPIKNWSDRWDVTQNSLYGLYDWNTQNTQVQSYLKRFLDRALNDGADGFRFDAAKHIELPDDGWYGSMFWPNITNTSAEFQYGEILQDSVSRDAAYANYMDVTASNYGHSIRSALKNRNLGVSNISHYAIDVSADKLVTWVESHDTYANDDEESTWMSDDDIRLGWAVIASRSGSTPLFFSRPEGGGNGVRFPGKSQIGDRGSALFEDQAITAVNRFHNVMAGQPEELSNPNGNNQIFMNQRGSHGVVLANAGSSSVSINTATKLPDGRYDNKAGAGSFQVNDGKLTGTINARSVAVLYPD,1.123748873
78,ATAPSIKSGTILHAWNWSFNTLKHNMKDIHDAGYTAIQTSPINQVKEGNQGDKSMSNWYWLYQPTSYQIGNRYLGTEQEFKEMCAAAEEYGIKVIVDAVINHTTSDYAEISNEVKSIPNWTHGNTPIKNWSDRWDVTQNSLYGLYDWNTQNTQVQSYLKRFLDRALNDGADGFRFDAAKHIELPDDGSYGSQFWPNITNTSAEFQYGEILQDSVSRDAAYANYMDVTASNYGHSIRSALKNRNLGVSNISHYAIDVSADKLVTWVESHDTYANDDIESTWMSDDDIRLGWAVIASRSGSTPLFFSRPEGGGNGVRFPGKSQIGDRGSALFEDQAITAVNRFHNVMAGQPEELSNPNGVNQIFMNQRGSHGVVLANAGSSSVSINTATKLPDGRYDNKAGAGSFQVNLGKLTGTINARSVAVLYPD,1.112218445
79,ATAPSIKSGTILHAWNWSFNTLKHNMKDIHDAGYTAIQTSPINQVKEGNQGDKSMSNWYWLYQPTSYQIGNRYLGTEQEFKEMCAAAHEYGIKVIVDAVMNHTTSDYAAISNEVKSIPNWTHGNTPIKNWNDRWDVTQNSLYGLYDWNTQNTQVQSYLKRFLDRALNDGADGFRFDAAKHIELPDDGWYGSQFWPNITNTSAEFQYGEILQDSVSRDAAYANYMDVTASNYGHSIRSALKNRNLGVSNISHYAIDVSADKLVTWVESHDTYANDDEESTWMSDDDIRLGWAVIASRSGSTPLFFSRPEGGGNGVRFPGKSQIGDRGSALFEDQAITAVNRFHNVMAGQPEELSNPNGNNQIFMNQRGSHGVVLANAGSSSVSINTATKLPDGRYDNKAGAGSFQVNDGKLTGTINARSVAVLYPD,1.109338492
80,ATAPSIKSGTILHAWNWSFNTLKHNMKDIHDAGYTAIQTSPINQVKEGNQGDKSMSNWYWLYQPTSYQIGNRYLGTEQEFKEMCAAAEEYGIKVIVDAVMNHTTSDYAAISNEVKSIPNWTHGNTPIKNWNDRWDVTQNSLYGLWDWNTQNTQVQSYLKRFLDRALNDGADGFRFDAAKHIELPDDGWYGSQFWPNITNTSAEFQYGEILQDSVSRDAAYANYMDITASNYGHSIRSALKNRNLGVSNISHYAIDVSADKLVTWVESHDTYANDDEESTWMSDDDIRLGWAVIASRSGSTPLFFSRPEGGGNGVRFPGKSQIGDRGSALFEDQAITAVNRFHNVMAGQPEELSNPNGNNQIFMNQRGSHGVVLANAGSSSVSINTATKLPDGRYDNKAGAGSFQVNDGKLTGTINARSVAVLYPD,1.100557174
81,ATAPSIKSGTILHAWNWSFNTLKHNMKDIHDAGYTAIQTSPINQVKEGNQGDKSMSNWYWLYQPTSYQIGNRYLGTEQEFKEMCAAAHEYGIKVIVDAVMNHTTSDYAAISNEVKSIPNWTHGNTPIKNWNDRWDVTQNSLYGLWDWNTQNTQVQSYLKRFLDRALNDGADGFRFDAAKHIELPDDGSYGSMFWPNITNTSAEFQYGEILQDSVSRDAAYANYMDITASNYGHSIRSALKNRNLGVSNISHYAIDVSADKLVTWVESHDTYANDDEESTWMSDDDIRLGWAVIASRSGSTPLFFSRPEGGGNGVRFPGKSQIGDRGSALFEDQAITAVNRFHNVMAGQPEELSNPNGNNQIFMNQRGSHGVVLANAGSSSVSINTATKLPDGRYDNKAGAGSFQVNDGKLTGTINARSVAVLYPD,1.096824959
82,ATAPSIKSGTILHAWNWSFNTLKHNMKDIHDAGYTAIQTSPINQVKEGNQGDKSMSNWYWLYQPTSYQIGNRYLGTEQEFKEMCAAAEEYGIKVIVDAVMNHTTSDYAAISNEVKSIPNWTHGNTPIKNWSDRWDVTQNSLLGLWDWNTQNTQVQSYLKRFLDRALNDGADGFRFDAAKHIELPDDGSYGSMFWPNITNTSAEFQYGEILQDSVSRDAAYANYMDVTASNYGHSIRSALKNRNLGVSNISHYAIDVSADKLVTWVESHDTYANDDEESTWMSDDDIRLGWAVIASRSGSTPLFFSRPEGGGNGVRFPGKSQIGDRGSALFEDQAITAVNRFHNVMAGQPEELSNPNGNNQIFMNQRGSHGVVLANAGSSSVSINTATKLPDGRYDNKAGAGSFQVNDGKLTGTINARSVAVLYPD,1.067346251
83,ATAPSIKSGTILHAWNWSFNTLKHNMKDIHDAGYTAIQTSPINQVKEGNQGDKSMSNWYWLYQPTSYQIGNRYLGTEQEFKEMCAAAHEYGIKVIVDAVMNHTTSDYAAISNEVKSIPNWTHGNTPIKNWSDRWDVTQNSLLGLYDWNTQNTQVQSYLKRFLDRALNDGADGFRFDAAKHIELPDDGWYGSMFWPNITNTSAEFQYGEILQDSVSRDAAYANYMDITASNYGHSIRSALKNRNLGVSNISHYAIDVSADKLVTWVESHDTYANDDEESTWMSDDDIRLGWAVIASRSGSTPLFFSRPEGGGNGVRFPGKSQIGDRGSALFEDQAITAVNRFHNVMAGQPEELSNPNGNNQIFMNQRGSHGVVLANAGSSSVSINTATKLPDGRYDNKAGAGSFQVNDGKLTGTINARSVAVLYPD,1.060481042
84,ATAPSIKSGTILHAWNWSFNTLKHNMKDIHDAGYTAIQTSPINQVKEGNQGDKSMSNWYWLYQPTSYQIGNRYLGTEQEFKEMCAAAEEYGIKVIVDAVLNHTTSDYAAISNEVKSIPNWTHGNTPIKNWSDRWDVTQNSLLGLYDWNTQNTQVQSYLKRFLDRALNDGADGFRFDAAKHIELPDDGWYGSQFWPNITNTSAEFQYGEILQDSVSRDAAYANYMDVTASNYGHSIRSALKNRNLGVSNISHYAIDVSADKLVTWVESHDTYANDDEESTWMSDDDIRLGWAVIASRSGSTPLFFSRPEGGGNGVRFPGKSQIGDRGSALFEDQAITAVNRFHNVMAGQPEELSNPNGNNQIFMNQRGSHGVVLANAGSSSVSINTATKLPDGRYDNKAGAGSFQVNDGKLTGTINARSVAVLYPD,1.050975053
85,ATAPSIKSGTILHAWNWSFNTLKHNMKDIHDAGYTAIQTSPINQVKEGNQGDKSMSNWYWLYQPTSYQIGNRYLGTEQEFWEMCAAAEEYGIKVIVDAVLNHTTSDYAAISNEVKSIPNWTHGNTPIKNWSDRWDVTQNSLLGLYDWNTQNTQVQSYLKRFLDRALNDGADGFRFDAAKHIELPDDGSYGGQFWPNITNTSAEFQYGEILQDSVSRDAAYANYMDITASNYGHSIRSALKNRNLGVSNISHYAIDVSADKLVTWVESHDTYANDDEESTWMSDDDIRLGWAVIASRSGSTPLFFSRPEGGGNGVRFPGKSQIGDRGSALFEDQAITAVNRFHNVMAGQPEELSNPNGNNQIFMNQRGSHGVVLANAGSSSVSINTATKLPDGRYDNKAGAGSFQVNDGKLTGTINARSVAVLYPD,1.042744672
86,MLDSRWFKATGVAIALTLASASLGTAVPATAAPQSPAAESSAAVVTLRYDDSRAGGWEAAIVAAVADWNRTVVNVELVRAAPGTRAEIQIVATSGWPQATLGPVRPGGQARVELGSQAVTEGHDKIRIAAHELGHSLGLPDTKPGPCSQLMSGSSAGTSCKNVVPNATERSRVQSFYSGFAALTPGDARIMVDAP,1.042744672
87,ATAPSIKSGTILHAWNWSFNTLKHNMKDIHDAGYTAIQTSPINQVKEGNQGDKSMSNWYWLYQPTSYQIGNRYLGTEQEFKEMCAAAEEYGIKVIVDAVMNHTTSDYAAISNEVKSIPNWTHGNTPIKNWSDRWDVTQNSLYGLYDWNTQNTQVQSYLKRFLDRALNDGADGFRFDAAKHIELPDDGSYGSMFWPNITNTSAEFQYGEILQDSVSRDAAYANYMDVTASNYGHSIRSALKNRNLGVSNISHYAIDVSADKLVTWVESHDTYANDDEESTWMSDDDIRLGWAVIASRSGSTPLFFSRPEGGGNGVRFPGKSQIGDRGSALFEDQAITAVNRFHNVMAGQPEELSNPNGNNQIFMNQRGSHGVVLANAGSSSVSINTATKLPDGRYDNKAGAGSFQVNDGKLTGTINARSVAVLYPD,1.038134258
88,ATAPSIKSGTILHAWNWSFNTLKHNMKDIHDAGYTAIQTSPINQVKEGNQGDKSMSNWYWLYQPTSYQIGNRYLGTEQEFKEMCAAAEEYGIKVIVDAVMNHTTSDYAAISNEVKSIPNWTHGNTPIKNWSDRWDVTQNSLYGLYDWNTQNTQVQSYLKRFLDRALNDGADGFRFDAAKHIELPDDGSYGSQFWPNITNTSAEFQYGEILQDSVSRDAAYANYMDITASNYGHSIRSALKNRNLGVSNISHYAIDVSADKLVTWVESHDTYANDDEESTWMSDDDIRLGWAVIASRSGSTPLFFSRPEGGGNGVRFPGKSQIGDRGSALFEDQAITAVNRFHNVMAGQPEELSNPNGNNQIFMNQRGSHGVVLANAGSSSVSINTATKLPDGRYDNKAGAGSFQVNDGKLTGTINARSVAVLYPD,1.015609382
89,ATAPSIKSGTILHAWNWSFNTLKHNMKDIHDAGYTAIQTSPINQVKEGNQGDKSMSNWYWLYQPTSYQIGNRYLGTEQEFKEMCAAAHEYGIKVIVDAVMNHTTSDYAAISNEVKSIPNWTHGNTPIKNWNDRWDVTQNSLLGLWDWNTQNTQVQSYLKRFLDRALNDGADGFRFDAAKHIELPDDGSYGSQFWPNITNTSAEFQYGEILQDSVSRDAAYANYMDITASNYGHSIRSALKNRNLGVSNISHYAIDVSADKLVTWVESHDTYANDDEESTWMSDDDIRLGWAVIASRSGSTPLFFSRPEGGGNGVRFPGKSQIGDRGSALFEDQAITAVNRFHNVMAGQPEELSNPNGNNQIFMNQRGSHGVVLANAGSSSVSINTATKLPDGRYDNKAGAGSFQVNDGKLTGTINARSVAVLYPD,0.99732046
90,ATAPSIKSGTILHAWNWSFNTLKHNMKDIHDAGYTAIQTSPINQVKEGNQGDKSMSNWYWLYQPTSYQIGNRYLGTEQEFKEMCAAAEEYGIKVIVDAVMNHTTSDYAAISNEVKSIPNWTHGNTPIKNWSDRWDVTQNSLLGLYDWNTQNTQVQSYLKRFLDRALNDGADGFRFDAAKHIELPDDGWYGGQFWPNITNTSAEFQYGEILQDSVSRDAAYANYMDITASNYGHSIRSALKNRNLGVSNISHYAIDVSADKLVTWVESHDTYANDDEESTWMSDDDIRLGWAVIASRSGSTPLFFSRPEGGGNGVRFPGKSQIGDRGSALFEDQAITAVNRFHNVMAGQPEELSNPNGNNQIFMNQRGSHGVVLANAGSSSVSINTATKLPDGRYDNKAGAGSFQVNDGKLTGTINARSVAVLYPD,0.996020278
91,MRKSPKLAVASLLGLSLAMAGAQAAPTSSSASGAATYAGSENAASKAFFDAVMRSVAEKRAAQPSIQAVTVYYSASAAPSFRTQIANSARIWNSSVSNVRLQEGSNADFTYREGNDPRGSYASTDGHGRGFIFLDYRQNQQYNSTRVTAHETGHVLGLPDHSGPCSELMSGGGPGPSCTNAYPNSTERSRVNQLWANGFAAGMQKALEKVSQR,0.992345678
92,ATAPSIKSGTILHAWNWSFNTLKHNMKDIHDAGYTAIQTSPINQVKEGNQGDKSMSNWYWLYQPTSYQIGNRYLGTEQEFKEMCAAAEEYGIKVIVDAVMNHTTSDYAAISNEVKSIPNWTHGNTPIKNWSDRWDVTQNSLLGLYDWNTQNTQVQSYLKRFLDRALNDGADGFRFDAAKHIELPDDGWYGSQFWPNITNTSAEFQYGEILQDSVSRDAAYANYMDITASNYGHSIRSALKNRNLGVSNISHYAIDVSADKLVTWVESHDTYANDDEESTWMSDDDIRLGWAVIASRSGSTPLFFSRPEGGGNGVRFPGKSQIGDRGSALFEDQAITAVNRFHNVMAGQPEELSNPNGNNQIFMNQRGSHGVVLANAGSSSVSINTATKLPDGRYDNKAGAGSFQVNDGKLTGTINARSVAVLYPD,0.978973321
93,ATAPSIKSGTILHAWNWSFNTLKHNMKDIHDAGYTAIQTSPINQVKEGNQGDKSMSNWYWLYQPTSYQIGNRYLGTEQEFKEMCAAAEEYGIKVIVDAVINHTTSDYAAISNEVKSIPYWTHGNTPIKNWSDRWDVTQNSLYGLYDWNTQNTQVQSYLKRFLDRALNDGADGFRFDAAKHIELPDDGSYGSQFWPNITNTSAEFQYGEILQDSVSRDAAYANYMDVTASNYGHSIRSALKNRNLGVTNISHYAIDVSADKLVTWVESHDTYANDDIESTWMSDDDIRLGWAVIASRSGSTPLFFSRPEGGGNGVRFPGKSQIGDRGSALFEDQAITAVNRFHNVMAGQPEELSNPNGVNQIFMNQRGSHGVVLANAGSSSVSINTATKLPDGRYDNKAGAGSFQVNDGKLTGTINARSVAVLYPD,0.973368116
94,ATAPSIKSGTILHAWNWSFNTLKHNMKDIHDAGYTAIQTSPINQVKEGNQGDKSMSNWYWLYQPTSYQIGNRYLGTEQEFKEMCAAAEEYGIKVIVDAVMNHTTSDYAAISNEVKSIPNWTHGNTPIKNWSDRWDVTQNSLYGLYDWNTQNTQVQSYLKRFLDRALNDGADGFRFDAAKHIELPDDGWYGSQFWPNITNTSAEFQYGEILQDSVSRDAAYANYMDITASNYGHSIRSALKNRNLGVSNISHYAIDVSADKLVTWVESHDTYANDDEESTWMSDDDIRLGWAVIASRSGSTPLFFSRPEGGGNGVRFPGKSQIGDRGSALFEDQAITAVNRFHNVMAGQPEELSNPNGNNQIFMNQRGSHGVVLANAGSSSVSINTATKLPDGRYDNKAGAGSFQVNDGKLTGTINARSVAVLYPD,0.933039478
95,ATAPSIKSGTILHAWNWSFNTLKHNMKDIHDAGYTAIQTSPINQVKEGNQGDKSMSNWYWLYQPTSYQIGNRYLGTEQEFKEMCAAAHEYGIKVIVDAVMNHTTSDYAAISNEVKSIPNWTHGNTPIKNWNDRWDVTQNSLLGLWDWNTQNTQVQSYLKRFLDRALNDGADGFRFDAAKHIELPDDGWYGSMFWPNITNTSAEFQYGEILQDSVSRDAAYANYMDITASNYGHSIRSALKNRNLGVSNISHYAIDVSADKLVTWVESHDTYANDDEESTWMSDDDIRLGWAVIASRSGSTPLFFSRPEGGGNGVRFPGKSQIGDRGSALFEDQAITAVNRFHNVMAGQPEELSNPNGNNQIFMNQRGSHGVVLANAGSSSVSINTATKLPDGRYDNKAGAGSFQVNDGKLTGTINARSVAVLYPD,0.930119304
96,ATAPSIKSGTILHAWNWSFNTLKHNMKDIHDAGYTAIQTSPINQVKEGNQGDKSMSNWYWLYQPTSYQIGNRYLGTEQEFKEMCAAAEEYGIKVIVDAVINHTTSDYAEISNEVKSIPYWTHGNTPIKNWSDRWDVTQNSLYGLYDWNTQNTQVQSYLKRFLDRALNDGADGFRFDAAKHIELPDDGSYGSQFWPNITNTSAEFQYGEILQDSVSRDAAYANYMDVTASNYGHSIRSALKNRNLGVSNISHYAIDVSADKLVTWVESHDTYANDDIESTWMSDDDIRLGWAVIASRSGSTPLFFSRPEGGGNGVRFPGKSQIGDRGSALFEDQAITAVNRFHNVMAGQPEELSNPNGVNQIFMNQRGSHGVVLANAGSSSVSINTATKLPDGRYDNKAGAGSFQVNLGKLTGTINARSVAVLYPD,0.928941776
97,ATAPSIKSGTILHAWNWSFNTLKHNMKDIHDAGYTAIQTSPINQVKEGNQGDKSMSNWYWLYQPTSYQIGNRYLGTEQEFWEMCAAAEEYGIKVIVDAVLNHTTSDYAAISNEVKSIPNWTHGNTPIKNWSDRWDVTQNSLLGLYDWNTQNTQVQSYLKRFLDRALNDGADGFRFDAAKHIELPDDGSYGSQFWPNITNTSAEFQYGEILQDSVSRDAAYANYMDVTASNYGHSIRSALKNRNLGVSNISHYAIDVSADKLVTWVESHDTYANDDEESTWMSDDDIRLGWAVIASRSGSTPLFFSRPEGGGNGVRFPGKSQIGDRGSALFEDQAITAVNRFHNVMAGQPEELSNPNGNNQIFMNQRGSHGVVLANAGSSSVSINTATKLPDGRYDNKAGAGSFQVNDGKLTGTINARSVAVLYPD,0.924380155
98,MTSPLPPRLAQGYHSFVQERLADHERLFEKLAAGQKPRTLLIACCDSRVDPAMVLGCDPGDIFVLRNLGNFVPPYEGADHQHGTSAAIEFAVQVLEVAQIIILGHSQCGGITHLSGEIETLPNVATWLGHGRQALERIRDGHASDDLVTPEERQSCEKRSIRQSLDNLVTFPRVQERLQNGQLKIHGWYFDLDDGGVMGYDPQAGRFTTI,0.924380155
99,ATAPSIKSGTILHAWNWSFNTLKHNMKDIHDAGYTAIQTSPINQVKEGNQGDKSMSNWYWLYQPTSYQIGNRYLGTEQEFKEMCAAAHEYGIKVIVDAVMNHTTSDYAAISNEVKSIPNWTHGNTPIKNWSDRWDVTQNSLYGLYDWNTQNTQVQSYLKRFLDRALNDGADGFRFDAAKHIELPDDGSYGSMFWPNITNTSAEFQYGEILQDSVSRDAAYANYMDVTASNYGHSIRSALKNRNLGVSNISHYAIDVSADKLVTWVESHDTYANDDEESTWMSDDDIRLGWAVIASRSGSTPLFFSRPEGGGNGVRFPGKSQIGDRGSALFEDQAITAVNRFHNVMAGQPEELSNPNGNNQIFMNQRGSHGVVLANAGSSSVSINTATKLPDGRYDNKAGAGSFQVNDGKLTGTINARSVAVLYPD,0.889661693
100,MRISALSGALAAVPAALGSIASAPTPAPAAHSAQSAYAPGSENAAANKAFFEAVQKSVAEKRAASPSSAAVTVVYSVSGAPSFRSQIARSTQIWNGSVSNVRLQEGSQADFSYREGNDSRGSYASTDGHGKGYIFLDYQQNQQYNSTRVTTHETGHVLGLPDTYSGPCSELMSGGGPGTSCTNANPNSAERSRVNQLWANGLAAAMDRSTTR,0.889661693
101,ATAPSIKSGTILHAWNWSFNTLKHNMKDIHDAGYTAIQTSPINQVKEGNQGDKSMSNWYWLYQPTSYQIGNRYLGTEQEFKEMCAAAEEYGIKVIVDAVMNHTTSDYAAISNEVKSIPNWTHGNTPIKNWSDRWDVTQNSLLGLWDWNTQNTQVQSYLKRFLDRALNDGADGFRFDAAKHIELPDDGWYGSMFWPNITNTSAEFQYGEILQDSVSRDAAYANYMDITASNYGHSIRSALKNRNLGVSNISHYAIDVSADKLVTWVESHDTYANDDEESTWMSDDDIRLGWAVIASRSGSTPLFFSRPEGGGNGVRFPGKSQIGDRGSALFEDQAITAVNRFHNVMAGQPEELSNPNGNNQIFMNQRGSHGVVLANAGSSSVSINTATKLPDGRYDNKAGAGSFQVNDGKLTGTINARSVAVLYPD,0.889607214
102,MNHRRLVAASLGFGLAAVIGVPATAATAPVAPAAAPVTTTAYAGSAEEKADGNAFFQAVMKSARAKQAKAKGAQAVTIVYNASGAPSFQQQIAQSARIWNSTVANVRLQEGSSSAATAGHTDFYYEGNDSRGSYASTDGHGSGYVFLDYRQNQQYDSVRVVAHETGHVLGLPDHYEGPCSELMSGGGPGTSCTNSQPNASERSRVESLWANGLAAALNKVN,0.888096765
103,ATAPSIKSGTILHAWNWSFNTLKHNMKDIHDAGYTAIQTSPINQVKEGNQGDKSMSNWYWLYQPTSYQIGNRYLGTEQEFKEMCAAAHEYGIKVIVDAVMNHTTSDYAAISNEVKSIPNWTHGNTPIKNWSDRWDVTQNSLYGLWDWNTQNTQVQSYLKRFLDRALNDGADGFRFDAAKHIELPDDGSYGSMFWPNITNTSAEFQYGEILQDSVSRDAAYANYMDVTASNYGHSIRSALKNRNLGVSNISHYAIDVSADKLVTWVESHDTYANDDEESTWMSDDDIRLGWAVIASRSGSTPLFFSRPEGGGNGVRFPGKSQIGDRGSALFEDQAITAVNRFHNVMAGQPEELSNPNGNNQIFMNQRGSHGVVLANAGSSSVSINTATKLPDGRYDNKAGAGSFQVNDGKLTGTINARSVAVLYPD,0.888096765
104,MDYNLALDKAIQKLHDEGRYRTFIDIEREKGAFPKAQWNRPDGGKQDITVWCGNDYLGMGQHPVVLAAMHEALEAVGAGSGGTRNISGTTAYHRRLEAEIAGLHQKEAALVFSSAYNANDATLSTLRVLFPGLIIYSDSLNHASMIEGIKRNAGPKRIFRHNDVAHLRELIAADDPAAPKLIAFESVYSMDGDFGPIKEICDIAEEFGALTYIDEVHAVGMYGPRGAGVAERDGLMHRIDIFNGTLAKAYGVFGGYIAASARMVDAVRSYAPGFIFSTSLPPAIAAGAQASIAFLKTAEGQKLRDAQQMHAKVLKMRLKALGMPIIDHGSHIVPVVIGDPVHTKAVSDMLLSDYGVYVQPINFPTVPRGTERLRFTPSPVHDLKQIDGLVHAMDLLWARCA,0.888096765
105,ATAPSIKSGTILHAWNWSFNTLKHNMKDIHDAGYTAIQTSPINQVKEGNQGDKSMSNWYWLYQPTSYQIGNRYLGTEQEFKEMCAAAEEYGIKVIVDAVLNHTTSDYAAISNEVKSIPNWTHGNTPIKNWSDRWDVTQNSLYGLYDWNTQNTQVQSYLKRFLDRALNDGADGFRFDAAKHIELPDDGWYGSQFWPNITNTSAEFQYGEILQDSVSRDAAYANYMDITASNYGHSIRSALKNRNLGVSNISHYAIDVSADKLVTWVESHDTYANDDEESTWMSDDDIRLGWAVIASRSGSTPLFFSRPEGGGNGVRFPGKSQIGDRGSALFEDQAITAVNRFHNVMAGQPEELSNPNGNNQIFMNQRGSHGVVLANAGSSSVSINTATKLPDGRYDNKAGAGSFQVNDGKLTGTINARSVAVLYPD,0.8571204
106,ATAPSIKSGTILHAWNWSFNTLKHNMKDIHDAGYTAIQTSPINQVKEGNQGDKSMSNWYWLYQPTSYQIGNRYLGTEQEFKEMCAAAEEYGIKVIVDAVLNHTTSDYAAISNEVKSIPNWTHGNTPIKNWSDRWDVTQNSLLGLHDWNTQNTQVQSYLKRFLDRALNDGADGFRFDAAKHIELPDDGWYGSQFWPNITNTSAEFQYGEILQDSVSRDAAYANYMDVTASNYGHSIRSALKNRNLGVSNISHYAIDVSADKLVTWVESHDTYANDDEESTWMSDDDIRLGWAVIASRSGSTPLFFSRPEGGGNGVRFPGKSQIGDRGSALFEDQAITAVNRFHNVMAGQPEELSNPNGNNQIFMNQRGSHGVVLANAGSSSVSINTATKLPDGRYDNKAGAGSFQVNDGKLTGTINARSVAVLYPD,0.856812518
107,ATAPSIKSGTILHAWNWSFNTLKHNMKDIHDAGYTAIQTSPINQVKEGNQGDKSMSNWYWLYQPTSYQIGNRYLGTEQEFKEMCAAAEEYGIKVIVDAVINHTTSDYAAISNEVKSIPNWTHGNTPIKNWSDRWDVTQNSLSGLYDWNTQNTQVQSYLKRFLDRALNDGADGFRFDAAKHIELPDDGSYGSQFWPNITNTSAEFQYGEILQDSVSRDAAYANYMDVTASNYGHSIRSALKNRNLGVSNISHYAVDVSADKLVTWVESHDTYANDDEESTWMSDDDIRLGWAVIASRSGSTPLFFSRPEGGGNGVRFPGKSQIGDRGSALFEDQAITAVNRFHNVMAGQPEELSNPNGNNQIFMNQRGSHGVVLANAGSSSVSINTATKLPDGRYDNKAGAGSFQVNDGKLTGTINARSVAVLYPD,0.85
108,ATAPSIKSGTILHAWNWSFNTLKHNMKDIHDAGYTAIQTSPINQVKEGNQGDKSMSNWYWLYQPTSYQIGNRYLGTEQEFKEMCAAAHEYGIKVIVDAVMNHTTSDYAAISNEVKSIPNWTHGNTPIKNWNDRWDVTQNSLYGLWDWNTQNTQVQSYLKRFLDRALNDGADGFRFDAAKHIELPDDGWYGSMFWPNITNTSAEFQYGEILQDSVSRDAAYANYMDVTASNYGHSIRSALKNRNLGVSNISHYAIDVSADKLVTWVESHDTYANDDEESTWMSDDDIRLGWAVIASRSGSTPLFFSRPEGGGNGVRFPGKSQIGDRGSALFEDQAITAVNRFHNVMAGQPEELSNPNGNNQIFMNQRGSHGVVLANAGSSSVSINTATKLPDGRYDNKAGAGSFQVNDGKLTGTINARSVAVLYPD,0.847930274
109,ATAPSIKSGTILHAWNWSFNTLKHNMKDIHDAGYTAIQTSPINQVKEGNQGDKSMSNWYWLYQPTSYQIGNRYLGTEQEFKEMCAAAEEYGIKVIVDAVMNHTTSDYAAISNEVKSIPNWTHGNTPIKNWNDRWDVTQNSLYGLYDWNTQNTQVQSYLKRFLDRALNDGADGFRFDAAKHIELPDDGSYGSMFWPNITNTSAEFQYGEILQDSVSRDAAYANYMDITASNYGHSIRSALKNRNLGVSNISHYAIDVSADKLVTWVESHDTYANDDEESTWMSDDDIRLGWAVIASRSGSTPLFFSRPEGGGNGVRFPGKSQIGDRGSALFEDQAITAVNRFHNVMAGQPEELSNPNGNNQIFMNQRGSHGVVLANAGSSSVSINTATKLPDGRYDNKAGAGSFQVNDGKLTGTINARSVAVLYPD,0.838951151
110,ATAPSIKSGTILHAWNWSFNTLKHNMKDIHDAGYTAIQTSPINQVKEGNQGDKSMSNWYWLYQPTSYQIGNRYLGTEQEFKEMCAAAEEYGIKVIVDAVMNHTTSDYAAISNEVKSIPNWTHGNTPIKNWSDRWDVTQNSLYGLWDWNTQNTQVQSYLKRFLDRALNDGADGFRFDAAKHIELPDDGWYGSQFWPNITNTSAEFQYGEILQDSVSRDAAYANYMDITASNYGHSIRSALKNRNLGVSNISHYAIDVSADKLVTWVESHDTYANDDEESTWMSDDDIRLGWAVIASRSGSTPLFFSRPEGGGNGVRFPGKSQIGDRGSALFEDQAITAVNRFHNVMAGQPEELSNPNGNNQIFMNQRGSHGVVLANAGSSSVSINTATKLPDGRYDNKAGAGSFQVNDGKLTGTINARSVAVLYPD,0.834166259
111,MRRSPKALLASTLGMGVATIVAATAASPVSAAPAAPESTARSVARYTGSGGEAEANRAFLDAVMNSAAAKQAANPSAAAAVTVVYNSRNAPTFASQISRSTQIWNSSVSNVRLQSSSSSGTDFSYREGNDPRGSYASTNGHGSGYIFLDYRQNQQYDSIRVAAHETGHVLGLPDHYSGPCSELMSGGGPGTSCTNAYPNAAERARVNSLWANGLAEAASSLGK,0.810502407
112,ATAPSIKSGTILHAWNWSFNTLKHNMKDIHDAGYTAIQTSPINQVKEGNQGDKSMSNWYWLYQPTSYQIGNRYLGTEQEFKEMCAAAHEYGIKVIVDAVMNHTTSDYAAISNEVKSIPNWTHGNTPIKNWSDRWDVTQNSLYGLWDWNTQNTQVQSYLKRFLDRALNDGADGFRFDAAKHIELPDDGSYGSQFWPNITNTSAEFQYGEILQDSVSRDAAYANYMDVTASNYGHSIRSALKNRNLGVSNISHYAIDVSADKLVTWVESHDTYANDDEESTWMSDDDIRLGWAVIASRSGSTPLFFSRPEGGGNGVRFPGKSQIGDRGSALFEDQAITAVNRFHNVMAGQPEELSNPNGNNQIFMNQRGSHGVVLANAGSSSVSINTATKLPDGRYDNKAGAGSFQVNDGKLTGTINARSVAVLYPD,0.810502407
113,YKCKYPGCERVFARHETLKRHEIVHSKDKMYTCKICNRKFVRSTHLNRHVYNNHKPFKCDVCKKGFVRQDKLRLHMKVHA,0.810502407
114,ATAPSIKSGTILHAWNWSFNTLKHNMKDIHDAGYTAIQTSPINQVKEGNQGDKSMSNWYWLYQPTSYQIGNRYLGTEQEFKEMCAAAEEYGIKVIVDAVMNHTTSDYAAISNEVKSIPNWTHGNTPIKNWSDRWDVTQNSLLGLYDWNTQNTQVQSYLKRFLDRALNDGADGFRFDAAKHIELPDDGWYGSQFWPNITNTSAEFQYGEILQDSVSRDAAYANYMDVTASNYGHSIRSALKNRNLGVSNISHYAIDVSADKLVTWVESHDTYANDDEESTWMSDDDIRLGWAVIASRSGSTPLFFSRPEGGGNGVRFPGKSQIGDRGSALFEDQAITAVNRFHNVMAGQPEELSNPNGNNQIFMNQRGSHGVVLANAGSSSVSINTATKLPDGRYDNKAGAGSFQVNDGKLTGTINARSVAVLYPD,0.806556872
115,ATAPSIKSGTILHAWNWSFNTLKHNMKDIHDAGYTAIQTSPINQVKEGNQGDKSMSNWYWLYQPTSYQIGNRYLGTEQEFKEMCAAAHEYGIKVIVDAVMNHTTSDYAAISNEVKSIPNWTHGNTPIKNWSDRWDVTQNSLLGLYDWNTQNTQVQSYLKRFLDRALNDGADGFRFDAAKHIELPDDGSYGSQFWPNITNTSAEFQYGEILQDSVSRDAAYANYMDITASNYGHSIRSALKNRNLGVSNISHYAIDVSADKLVTWVESHDTYANDDEESTWMSDDDIRLGWAVIASRSGSTPLFFSRPEGGGNGVRFPGKSQIGDRGSALFEDQAITAVNRFHNVMAGQPEELSNPNGNNQIFMNQRGSHGVVLANAGSSSVSINTATKLPDGRYDNKAGAGSFQVNDGKLTGTINARSVAVLYPD,0.787976097
116,ATAPSIKSGTILHAWNWSFNTLKHNMKDIHDAGYTAIQTSPINQVKEGNQGDKSMSNWYWLYQPTSYQIGNRYLGTEQEFKEMCAAAHEYGIKVIVDAVMNHTTSDYAAISNEVKSIPNWTHGNTPIKNWSDRWDVTQNSLYGLYDWNTQNTQVQSYLKRFLDRALNDGADGFRFDAAKHIELPDDGWYGSMFWPNITNTSAEFQYGEILQDSVSRDAAYANYMDITASNYGHSIRSALKNRNLGVSNISHYAIDVSADKLVTWVESHDTYANDDEESTWMSDDDIRLGWAVIASRSGSTPLFFSRPEGGGNGVRFPGKSQIGDRGSALFEDQAITAVNRFHNVMAGQPEELSNPNGNNQIFMNQRGSHGVVLANAGSSSVSINTATKLPDGRYDNKAGAGSFQVNDGKLTGTINARSVAVLYPD,0.77853391
117,MRHLRTAIVSALGLGLAAALGTAPAVSAAPSTSTTTSSIAAYNGSGENAAANRAFFDAVVKSVAEKRAANPGIQAVTVTYNASSAPSFRTQIANSAQIWNSSVSNVRLQEGSRADFTYREGNDPRGSYASTNGHGRGFIFLDYRQNQQYNSTRVTTHETGHVLGLPDTYSGPCSELMSGGGPGPSCTNSRPNAQERSRVNQLWQNGLASAVKALPRSTS,0.77853391
118,MRHLRTAVASAAGLGLVAALGTAPVVAAPASPAAPSVAQSTETVTKAAYTGSAESAAANRAFFDAVLKSVATKRAAAPSLKTVTVTYDASAAPTFAGEIARSTQIWNSSVSNVKLQQGSSGADFTYREGNDPRGSYASTDGHGRGYIFLDYRQNRQYNSTRVTTHETGHVLGLPDSYSGPCSQLMSGGGPGTSCTNAQPNAQERARVNQLWQNGLAQVAR,0.762520469
119,ATAPSIKSGTILHAWNWSFNTLKHNMKDIHDAGYTAIQTSPINQVKEGNQGDKSMSNWYWLYQPTSYQIGNRYLGTEQEFKEMCAAAHEYGIKVIVDAVMNHTTSDYAAISNEVKSIPNWTHGNTPIKNWSDRWDVTQNSLYGLYDWNTQNTQVQSYLKRFLDRALNDGADGFRFDAAKHIELPDDGSYGSMFWPNITNTSAEFQYGEILQDSVSRDAAYANYMDITASNYGHSIRSALKNRNLGVSNISHYAIDVSADKLVTWVESHDTYANDDEESTWMSDDDIRLGWAVIASRSGSTPLFFSRPEGGGNGVRFPGKSQIGDRGSALFEDQAITAVNRFHNVMAGQPEELSNPNGNNQIFMNQRGSHGVVLANAGSSSVSINTATKLPDGRYDNKAGAGSFQVNDGKLTGTINARSVAVLYPD,0.762520469
120,PYECSECGKAFHRISSLTEHHRIHTGEKPYQWCEDCGMAFSRSSSFIHHQRVHTGEKPYECGECGKSFRLNSHLTVHQRIHT,0.762520469
121,MHVRTLTGGLAAAPLGLLGLSLVVPTAQAADTSAAATPAAQAVTTATYAASGENAAANRAFFDAVMKSAAEKRAANPSAAAAVTVVYDASQAPSFRTEIVSRGAQIWNASVSNVQLQTGTNADFNYREGNDARGSYASTDGHGRGYIFLDYRQNQQYDSTRVTAHETGHVLGLPDTYSGPCSELMSGGGPGTSCRNARPNAAERSRVEQLWAHGLQAALDKALE,0.762520469
122,ATAPSIKSGTILHAWNWSFNTLKHNMKDIHDAGYTAIQTSPINQVKEGNQGDKSMSNWYWLYQPTSYQIGNRYLGTEQEFKEMCAAAHEYGIKVIVDAVMNHTTSDYAAISNEVKSIPNWTHGNTPIKNWSDRWDVTQNSLLGLWDWNTQNTQVQSYLKRFLDRALNDGADGFRFDAAKHIELPDDGWYGSMFWPNITNTSAEFQYGEILQDSVSRDAAYANYMDVTASNYGHSIRSALKNRNLGVSNISHYAIDVSADKLVTWVESHDTYANDDEESTWMSDDDIRLGWAVIASRSGSTPLFFSRPEGGGNGVRFPGKSQIGDRGSALFEDQAITAVNRFHNVMAGQPEELSNPNGNNQIFMNQRGSHGVVLANAGSSSVSINTATKLPDGRYDNKAGAGSFQVNDGKLTGTINARSVAVLYPD,0.751687189
123,ATAPSIKSGTILHAWNWSFNTLKHNMKDIHDAGYTAIQTSPINQVKEGNQGDKSMSNWYWLYQPTSYQIGNRYLGTEQEFKEMCAAAEEYGIKVIVDAVMNHTTSDYAAISNEVKSIPNWTHGNTPIKNWNDRWDVTQNSLLGLYDWNTQNTQVQSYLKRFLDRALNDGADGFRFDAAKHIELPDDGWYGSMFWPNITNTSAEFQYGEILQDSVSRDAAYANYMDITASNYGHSIRSALKNRNLGVSNISHYAIDVSADKLVTWVESHDTYANDDEESTWMSDDDIRLGWAVIASRSGSTPLFFSRPEGGGNGVRFPGKSQIGDRGSALFEDQAITAVNRFHNVMAGQPEELSNPNGNNQIFMNQRGSHGVVLANAGSSSVSINTATKLPDGRYDNKAGAGSFQVNDGKLTGTINARSVAVLYPD,0.727112264
124,ATAPSIKSGTILHAWNWSFNTLKHNMKDIHDAGYTAIQTSPINQVKEGNQGDKSMSNWYWLYQPTSYQIGNRYLGTEQEFKEMCAAAHEYGIKVIVDAVMNHTTSDYAAISNEVKSIPNWTHGNTPIKNWSDRWDVTQNSLYGLWDWNTQNTQVQSYLKRFLDRALNDGADGFRFDAAKHIELPDDGSYGSQFWPNITNTSAEFQYGEILQDSVSRDAAYANYMDITASNYGHSIRSALKNRNLGVSNISHYAIDVSADKLVTWVESHDTYANDDEESTWMSDDDIRLGWAVIASRSGSTPLFFSRPEGGGNGVRFPGKSQIGDRGSALFEDQAITAVNRFHNVMAGQPEELSNPNGNNQIFMNQRGSHGVVLANAGSSSVSINTATKLPDGRYDNKAGAGSFQVNDGKLTGTINARSVAVLYPD,0.721497991
125,TDLIQRPRRLRKSPALRAMFEETTLSLNDLVLPIFVEEEIDDYKAVEAMPGVMRIPEKHLAREIERIANAGIRSVMTFGISHHTDETGSDAWREDGLVARMSRICKQTVPEMIVMSDTCFCEYTSHGHCGVLCEHGVDNDATLENLGKQAVVAAAAGADFIAPSAAMDGQVQAIRQALDAAGFKDTAIMSYSTKFASSFYGPFREAAGSALKGDRKSYQMNPMNRREAIRESLLDEAQGADCLMVKPAGAYLDIVRELRERTELPIGAYQVSGEYAMIKFAALAGAIDEEKVVLESLGSIKRAGADLIFSYFALDLAEKKILR,0.721497991
126,MRHLRTAVATAGLGFAAALGLGTAPVVTAAPAPATPSTPAPSTIAAYNGSGENAAANRAFFDAVLKSVAEKRAAQPGIKAVTVTYSAAGAPSFRTQIANSTQIWNSSVSNVRLQEGSNADFTYREGNDPRGSYASTDGHGRGYIFLDYRQNQQYDSTRVTTHETGHVLGLPDTYSGPCSQLMSGGGPGPSCTNAQPDANERARVNQLWQNGFVARAAADLS,0.721497991
127,ATAPSIKSGTILHAWNWSFNTLKHNMKDIHDAGYTAIQTSPINQVKEGNQGDKSMSNWYWLYQPTSYQIGNRYLGTEQEFKEMCAAAEEYGIKVIVDAVMNHTTSDYAAISNEVKSIPNWTHGNTPIKNWNDRWDVTQNSLLGLYDWNTQNTQVQSYLKRFLDRALNDGADGFRFDAAKHIELPDDGSYGSMFWPNITNTSAEFQYGEILQDSVSRDAAYANYMDITASNYGHSIRSALKNRNLGVSNISHYAIDVSADKLVTWVESHDTYANDDEESTWMSDDDIRLGWAVIASRSGSTPLFFSRPEGGGNGVRFPGKSQIGDRGSALFEDQAITAVNRFHNVMAGQPEELSNPNGNNQIFMNQRGSHGVVLANAGSSSVSINTATKLPDGRYDNKAGAGSFQVNDGKLTGTINARSVAVLYPD,0.720987602
128,ATAPSIKSGTILHAWNWSFNTLKHNMKDIHDAGYTAIQTSPINQVKEGNQGDKSMSNWYWLYQPTSYQIGNRYLGTEQEFKEMCAAAEEYGIKVIVDAVMNHTTSDYAAISNEVKSIPNWTHGNTPIKNWSDRWDVTQNSLYGLYDWNTQNTQVQSYLKRFLDRALNDGADGFRFDAAKHIELPDDGWYGSQFWPNITNTSAEFQYGEILQDSVSRDAAYANYMDVTASNYGHSIRSALKNRNLGVSNISHYAIDVSADKLVTWVESHDTYANDDEESTWMSDDDIRLGWAVIASRSGSTPLFFSRPEGGGNGVRFPGKSQIGDRGSALFEDQAITAVNRFHNVMAGQPEELSNPNGNNQIFMNQRGSHGVVLANAGSSSVSINTATKLPDGRYDNKAGAGSFQVNDGKLTGTINARSVAVLYPD,0.676366338
129,ATAPSIKSGTILHAWNWSFNTLKHNMKDIHDAGYTAIQTSPINQVKEGNQGDKSMSNWYWLYQPTSYQIGNRYLGTEQEFKEMCAAAEEYGIKVIVDAVMNHTTSDYAAISNEVKSIPNWTHGNTPIKNWSDRWDVTQNSLYGLWDWNTQNTQVQSYLKRFLDRALNDGADGFRFDAAKHIELPDDGWYGSQFWPNITNTSAEFQYGEILQDSVSRDAAYANYMDVTASNYGHSIRSALKNRNLGVSNISHYAIDVSADKLVTWVESHDTYANDDEESTWMSDDDIRLGWAVIASRSGSTPLFFSRPEGGGNGVRFPGKSQIGDRGSALFEDQAITAVNRFHNVMAGQPEELSNPNGNNQIFMNQRGSHGVVLANAGSSSVSINTATKLPDGRYDNKAGAGSFQVNDGKLTGTINARSVAVLYPD,0.67383201
130,ATAPSIKSGTILHAWNWSFNTLKHNMKDIHDAGYTAIQTSPINQVKEGNQGDKSMSNWYWLYQPTSYQIGNRYLGTEQEFWEMCAAAEEYGIKVIVDAVLNHTTSDYAAISNEVKSIPNWTHGNTPIKNWSDRWDVTQNSLLGLYDWNTQNTQVQSYLKRFLDRALNDGADGFRFDAAKHIELPDDGWYGGQFWPNITNTSAEFQYGEILQDSVSRDAAYANYMDITASNYGHSIRSALKNRNLGVSNISHYAIDVSADKLVTWVESHDTYANDDEESTWMSDDDIRLGWAVIASRSGSTPLFFSRPEGGGNGVRFPGKSQIGDRGSALFEDQAITAVNRFHNVMAGQPEELSNPNGNNQIFMNQRGSHGVVLANAGSSSVSINTATKLPDGRYDNKAGAGSFQVNDGKLTGTINARSVAVLYPD,0.673199104
131,MRDIERLVAGFKRFQDHYYTSHPDLFGQLSQGQNPQAFVVTCADSRVEPALLTNCEPGELFNLRNITNVLPPFERDDKEHALHASIAFAVEELHVKKIVVLAHSNCGGIRALMQGSDSGEGDLSYVNEWVAIAEPAKQVVRNNYPDLEPDQLRRLCERESIMVSLENLMTFPFIAERVAQGELTIHAWYYNIAKGELLNLNQQTSEMTVIA,0.673199104
132,ATAPSIKSGTILHAWNWSFNTLKHNMKDIHDAGYTAIQTSPINQVKEGNQGDKSMSNWYWLYQPTSYQIGNRYLGTEQEFWEMCAAAEEYGIKVIVDAVLNHTTSDYAAISNEVKSIPNWTHGNTPIKNWSDRWDVTQNSLYGLYDWNTQNTQVQSYLKRFLDRALNDGADGFRFDAAKHIELPDDGSYGGQFWPNITNTSAEFQYGEILQDSVSRDAAYANYMDITASNYGHSIRSALKNRNLGVSNISHYAIDVSADKLVTWVESHDTYANDDEESTWMSDDDIRLGWAVIASRSGSTPLFFSRPEGGGNGVRFPGKSQIGDRGSALFEDQAITAVNRFHNVMAGQPEELSNPNGNNQIFMNQRGSHGVVLANAGSSSVSINTATKLPDGRYDNKAGAGSFQVNDGKLTGTINARSVAVLYPD,0.590879914
133,ATAPSIKSGTILHAWNWSFNTLKHNMKDIHDAGYTAIQTSPINQVKEGNQGDKSMSNWYWLYQPTSYQIGNRYLGTEQEFKEMCAAAEEYGIKVIVDAVMNHTTSDYAAISNEVKSIPNWTHGNTPIKNWSDRWDVTQNSLYGLYDWNTQNTQVQSYLKRFLDRALNDGADGFRFDAAKHIELPDDGSYGSQFWPNITNTSAEFQYGEILQDSVSRDAAYANYMDVTASNYGHSIRSALKNRNLGVSNISHYAIDVSADKLVTWVESHDTYANDDEESTWMSDDDIRLGWAVIASRSGSTPLFFSRPEGGGNGVRFPGKSQIGDRGSALFEDQAITAVNRFHNVMAGQPEELSNPNGNNQIFMNQRGSHGVVLANAGSSSVSINTATKLPDGRYDNKAGAGSFQVNDGKLTGTINARSVAVLYPD,0.58826723
134,ATAPSIKSGTILHAWNWSFNTLKHNMKDIHDAGYTAIQTSPINQVKEGNQGDKSMSNWYWLYQPTSYQIGNRYLGTEQEFKEMCAAAHEYGIKVIVDAVMNHTTSDYAAISNEVKSIPNWTHGNTPIKNWSDRWDVTQNSLYGLYDWNTQNTQVQSYLKRFLDRALNDGADGFRFDAAKHIELPDDGWYGSQFWPNITNTSAEFQYGEILQDSVSRDAAYANYMDVTASNYGHSIRSALKNRNLGVSNISHYAIDVSADKLVTWVESHDTYANDDEESTWMSDDDIRLGWAVIASRSGSTPLFFSRPEGGGNGVRFPGKSQIGDRGSALFEDQAITAVNRFHNVMAGQPEELSNPNGNNQIFMNQRGSHGVVLANAGSSSVSINTATKLPDGRYDNKAGAGSFQVNDGKLTGTINARSVAVLYPD,0.559853071
135,ATAPSIKSGTILHAWNWSFNTLKHNMKDIHDAGYTAIQTSPINQVKEGNQGDKSMSNWYWLYQPTSYQIGNRYLGTEQEFKEMCAAAHEYGIKVIVDAVMNHTTSDYAAISNEVKSIPNWTHGNTPIKNWNDRWDVTQNSLLGLYDWNTQNTQVQSYLKRFLDRALNDGADGFRFDAAKHIELPDDGWYGSQFWPNITNTSAEFQYGEILQDSVSRDAAYANYMDVTASNYGHSIRSALKNRNLGVSNISHYAIDVSADKLVTWVESHDTYANDDEESTWMSDDDIRLGWAVIASRSGSTPLFFSRPEGGGNGVRFPGKSQIGDRGSALFEDQAITAVNRFHNVMAGQPEELSNPNGNNQIFMNQRGSHGVVLANAGSSSVSINTATKLPDGRYDNKAGAGSFQVNDGKLTGTINARSVAVLYPD,0.54837693
136,ATAPSIKSGTILHAWNWSFNTLKHNMKDIHDAGYTAIQTSPINQVKEGNQGDKSMSNWYWLYQPTSYQIGNRYLGTEQEFWEMCAAAEEYGIKVIVDAVLNHTTSDYAAISNEVKSIPNWTHGNTPIKNWSDRWDVTQNSLLGLYDWNTQNTQVQSYLKRFLDRALNDGADGFRFDAAKHIELPDDGWYGSQFWPNITNTSAEFQYGEILQDSVSRDAAYANYMDVTASNYGHSIRSALKNRNLGVSNISHYAIDVSADKLVTWVESHDTYANDDEESTWMSDDDIRLGWAVIASRSGSTPLFFSRPEGGGNGVRFPGKSQIGDRGSALFEDQAITAVNRFHNVMAGQPEELSNPNGNNQIFMNQRGSHGVVLANAGSSSVSINTATKLPDGRYDNKAGAGSFQVNDGKLTGTINARSVAVLYPD,0.513255055
137,ATAPSIKSGTILHAWNWSFNTLKHNMKDIHDAGYTAIQTSPINQVKEGNQGDKSMSNWYWLYQPTSYQIGNRYLGTEQEFKEMCAAAEEYGIKVIVDAVMNHTTSDYAAISNEVKSIPNWTHGNTPIKNWNDRWDVTQNSLLGLYDWNTQNTQVQSYLKRFLDRALNDGADGFRFDAAKHIELPDDGWYGSQFWPNITNTSAEFQYGEILQDSVSRDAAYANYMDVTASNYGHSIRSALKNRNLGVSNISHYAIDVSADKLVTWVESHDTYANDDEESTWMSDDDIRLGWAVIASRSGSTPLFFSRPEGGGNGVRFPGKSQIGDRGSALFEDQAITAVNRFHNVMAGQPEELSNPNGNNQIFMNQRGSHGVVLANAGSSSVSINTATKLPDGRYDNKAGAGSFQVNDGKLTGTINARSVAVLYPD,0.504819762
138,ATAPSIKSGTILHAWNWSFNTLKHNMKDIHDAGYTAIQTSPINQVKEGNQGDKSMSNWYWLYQPTSYQIGNRYLGTEQEFKEMCAAAHEYGIKVIVDAVMNHTTSDYAAISNEVKSIPNWTHGNTPIKNWSDRWDVTQNSLLGLYDWNTQNTQVQSYLKRFLDRALNDGADGFRFDAAKHIELPDDGSYGSMFWPNITNTSAEFQYGEILQDSVSRDAAYANYMDVTASNYGHSIRSALKNRNLGVSNISHYAIDVSADKLVTWVESHDTYANDDEESTWMSDDDIRLGWAVIASRSGSTPLFFSRPEGGGNGVRFPGKSQIGDRGSALFEDQAITAVNRFHNVMAGQPEELSNPNGNNQIFMNQRGSHGVVLANAGSSSVSINTATKLPDGRYDNKAGAGSFQVNDGKLTGTINARSVAVLYPD,0.468174358
139,ATAPSIKSGTILHAWNWSFNTLKHNMKDIHDAGYTAIQTSPINQVKEGNQGDKSMSNWYWLYQPTSYQIGNRYLGTEQEFKEMCAAAEEYGIKVIVDAVMNHTTSDYAAISNEVKSIPNWTHGNTPIKNWSDRWDVTQNSLYGLYDWNTQNTQVQSYLKRFLDRALNDGADGFRFDAAKHIELPDDGWYGGQFWPNITNTSAEFQYGEILQDSVSRDAAYANYMDITASNYGHSIRSALKNRNLGVSNISHYAIDVSADKLVTWVESHDTYANDDEESTWMSDDDIRLGWAVIASRSGSTPLFFSRPEGGGNGVRFPGKSQIGDRGSALFEDQAITAVNRFHNVMAGQPEELSNPNGNNQIFMNQRGSHGVVLANAGSSSVSINTATKLPDGRYDNKAGAGSFQVNDGKLTGTINARSVAVLYPD,0.388687006
140,ATAPSIKSGTILHAWNWSFNTLKHNMKDIHDAGYTAIQTSPINQVKEGNQGDKSMSNWYWLYQPTSYQIGNRYLGTEQEFKEMCAAAEEYGIKVIVDAVLNHTTSDYAAISNEVKSIPNWTHGNTPIKNWSDRWDVTQNSLLGLYDWNTQNTQVQSYLKRFLDRALNDGADGFRFDAAKHIELPDDGWYGGQFWPNITNTSAEFQYGEILQDSVSRDAAYANYMDITASNYGHSIRSALKNRNLGVSNISHYAIDVSADKLVTWVESHDTYANDDEESTWMSDDDIRLGWAVIASRSGSTPLFFSRPEGGGNGVRFPGKSQIGDRGSALFEDQAITAVNRFHNVMAGQPEELSNPNGNNQIFMNQRGSHGVVLANAGSSSVSINTATKLPDGRYDNKAGAGSFQVNDGKLTGTINARSVAVLYPD,0.385153988
141,MDDIDLLLDNNKHWSQAMQQRDPAFFSRLAGQQSPRYLWIGCSDSRVPANEIVGLLPGEVFVHRNIANLIVHTDLNCLSVIQYAVDVLKVRHVMVVGHYGCGGVQAALRGQRVGLADYWLRHLEDLRHIHGRRLALEPVEADQVNRLCEINVIEQVCNVSRLEVVRAAWQRGQPVSVHGLIYGLHDGVLRNLGASMQGPVNLVAWRKAALRGLWSREQRASPA,0.363736801
142,ATAPSIKSGTILHAWNWSFNTLKHNMKDIHDAGYTAIQTSPINQVKEGNQGDKSMSNWYWLYQPTSYQIGNRYLGTEQEFWEMCAAAEEYGIKVIVDAVLNHTTSDYAAISNEVKSIPNWTHGNTPIKNWSDRWDVTQNSLLGLYDWNTQNTQVQSYLKRFLDRALNDGADGFRFDAAKHIELPDDGWYGGQFWPNITNTSAEFQYGEILQDSVSRDAAYANYMDVTASNYGHSIRSALKNRNLGVSNISHYAIDVSADKLVTWVESHDTYANDDEESTWMSDDDIRLGWAVIASRSGSTPLFFSRPEGGGNGVRFPGKSQIGDRGSALFEDQAITAVNRFHNVMAGQPEELSNPNGNNQIFMNQRGSHGVVLANAGSSSVSINTATKLPDGRYDNKAGAGSFQVNDGKLTGTINARSVAVLYPD,0.363736801
143,ATAPSIKSGTILHAWNWSFNTLKHNMKDIHDAGYTAIQTSPINQVKEGNQGDKSMSNWYWLYQPTSYQIGNRYLGTEQEFKEMCAAAEEYGIKVIVDAVLNHTTSDYAAISNEVKSIPNWTHGNTPIKNWSDRWDVTQNSLLGLYDWNTQNTQVQSYLKRFLDRALNDGADGFRFDAAKHIELPDDGSYGGQFWPNITNTSAEFQYGEILQDSVSRDAAYANYMDVTASNYGHSIRSALKNRNLGVSNISHYAIDVSADKLVTWVESHDTYANDDEESTWMSDDDIRLGWAVIASRSGSTPLFFSRPEGGGNGVRFPGKSQIGDRGSALFEDQAITAVNRFHNVMAGQPEELSNPNGNNQIFMNQRGSHGVVLANAGSSSVSINTATKLPDGRYDNKAGAGSFQVNDGKLTGTINARSVAVLYPD,0.235766039
144,ATAPSIKSGTILHAWNWSFNTLKHNMKDIHDAGYTAIQTSPINQVKEGNQGDKSMSNWYWLYQPTSYQIGNRYLGTEQEFKEMCAAAEEYGIKVIVDAVMNHTTSDYAAISNEVKSIPNWTHGNTPIKNWSDRWDVTQNSLLGLYDWNTQNTQVQSYLKRFLDRALNDGADGFRFDAAKHIELPDDGWYGGQFWPNITNTSAEFQYGEILQDSVSRDAAYANYMDVTASNYGHSIRSALKNRNLGVSNISHYAIDVSADKLVTWVESHDTYANDDEESTWMSDDDIRLGWAVIASRSGSTPLFFSRPEGGGNGVRFPGKSQIGDRGSALFEDQAITAVNRFHNVMAGQPEELSNPNGNNQIFMNQRGSHGVVLANAGSSSVSINTATKLPDGRYDNKAGAGSFQVNDGKLTGTINARSVAVLYPD,0.21286709
145,ATAPSIKSGTILHAWNWSFNTLKHNMKDIHDAGYTAIQTSPINQVKEGNQGDKSMSNWYWLYQPTSYQIGNRYLGTEQEFWEMCAAAEEYGIKVIVDAVLNHTTSDYAAISNEVKSIPNWTHGNTPIKNWSDRWDVTQNSLYGLYDWNTQNTQVQSYLKRFLDRALNDGADGFRFDAAKHIELPDDGSYGGQFWPNITNTSAEFQYGEILQDSVSRDAAYANYMDVTASNYGHSIRSALKNRNLGVSNISHYAIDVSADKLVTWVESHDTYANDDEESTWMSDDDIRLGWAVIASRSGSTPLFFSRPEGGGNGVRFPGKSQIGDRGSALFEDQAITAVNRFHNVMAGQPEELSNPNGNNQIFMNQRGSHGVVLANAGSSSVSINTATKLPDGRYDNKAGAGSFQVNDGKLTGTINARSVAVLYPD,0.144626295
146,ATAPSIKSGTILHAWNWSFNTLKHNMKDIHDAGYTAIQTSPINQVKEGNQGDKSMSNWYWLYQPTSYQIGNRYLGTEQEFWEMCAAAEEYGIKVIVDAVLNHTTSDYAAISNEVKSIPNWTHGNTPIKNWSDRWDVTQNSLLGLYDWNTQNTQVQSYLKRFLDRALNDGADGFRFDAAKHIELPDDGSYGGQFWPNITNTSAEFQYGEILQDSVSRDAAYANYMDVTASNYGHSIRSALKNRNLGVSNISHYAIDVSADKLVTWVESHDTYANDDEESTWMSDDDIRLGWAVIASRSGSTPLFFSRPEGGGNGVRFPGKSQIGDRGSALFEDQAITAVNRFHNVMAGQPEELSNPNGNNQIFMNQRGSHGVVLANAGSSSVSINTATKLPDGRYDNKAGAGSFQVNDGKLTGTINARSVAVLYPD,0.119704017
147,MKKLFEGLLHFQKHFYDNDDQLFSQLKNGQTPRVLLIACTDSRIDPNLITHTMPGDLFVMRNMGNLIPTHGLGGRFSSISAAIEYGLLNLQVEDVIVCGHSDCGAMNALHTHPKLKNLLPVLAAWLKLAEPTQRITAQHPGSTDEEIRHVNIANVLEQMEHLRTYPLVGELLQDGQLRLYGWYYIIETGHIYNYNDNRKAFKLIENEK,0.119704017
148,ATAPSIKSGTILHAWNWSFNTLKHNMKDIHDAGYTAIQTSPINQVKEGNQGDKSMSNWYWLYQPTSYQIGNRYLGTEQEFKEMCAAAEEYGIKVIVDAVMNHTTSDYAAISNEVKSIPNWTHGNTPIKNWSDRWDVTQNSLLGLYDWNTQNTQVQSYLKRFLDRALNDGADGFRFDAAKHIELPDDGSYGGQFWPNITNTSAEFQYGEILQDSVSRDAAYANYMDVTASNYGHSIRSALKNRNLGVSNISHYAIDVSADKLVTWVESHDTYANDDEESTWMSDDDIRLGWAVIASRSGSTPLFFSRPEGGGNGVRFPGKSQIGDRGSALFEDQAITAVNRFHNVMAGQPEELSNPNGNNQIFMNQRGSHGVVLANAGSSSVSINTATKLPDGRYDNKAGAGSFQVNDGKLTGTINARSVAVLYPD,0
149,ATAPSIKSGTILHAWNWSFNTLKHNMKDIHDAGYTAIQTSPINQVKEGNQGDKSMSNWYWLYQPTSYQIGNRYLGTEQEFKEMCAAAHEYGIKVIVDAVMNHTTSDYAAISNEVKSIPNWTHGNTPIKNWSDRWDVTQNSLYGLWDWNTQNTQVQSYLKRFLDRALNDGADGFRFDAAKHIELPDDGWYGSMFWPNITNTSAEFQYGEILQDSVSRDAAYANYMDITASNYGHSIRSALKNRNLGVSNISHYAIDVSADKLVTWVESHDTYANDDEESTWMSDDDIRLGWAVIASRSGSTPLFFSRPEGGGNGVRFPGKSQIGDRGSALFEDQAITAVNRFHNVMAGQPEELSNPNGNNQIFMNQRGSHGVVLANAGSSSVSINTATKLPDGRYDNKAGAGSFQVNDGKLTGTINARSVAVLYPD,
150,ATAPSIKSGTILHAWNWSFNTLKHNMKDIHDAGYTAIQTSPINQVKEGNQGDKSMSNWYWLYQPTSYQIGNRYLGTEQEFKEMCAAAHEYGIKVIVDAVMNHTTSDYAAISNEVKSIPNWTHGNTPIKNWSDRWDVTQNSLLGLYDWNTQNTQVQSYLKRFLDRALNDGADGFRFDAAKHIELPDDGWYGSQFWPNITNTSAEFQYGEILQDSVSRDAAYANYMDITASNYGHSIRSALKNRNLGVSNISHYAIDVSADKLVTWVESHDTYANDDEESTWMSDDDIRLGWAVIASRSGSTPLFFSRPEGGGNGVRFPGKSQIGDRGSALFEDQAITAVNRFHNVMAGQPEELSNPNGNNQIFMNQRGSHGVVLANAGSSSVSINTATKLPDGRYDNKAGAGSFQVNDGKLTGTINARSVAVLYPD,
151,ATAPSIKSGTILHAWNWSFNTLKHNMKDIHDAGYTAIQTSPINQVKEGNQGDKSMSNWYWLYQPTSYQIGNRYLGTEQEFKEMCAAAHEYGIKVIVDAVMNHTTSDYAAISNEVKSIPNWTHGNTPIKNWSDRWDVTQNSLLGLWDWNTQNTQVQSYLKRFLDRALNDGADGFRFDAAKHIELPDDGWYGSMFWPNITNTSAEFQYGEILQDSVSRDAAYANYMDITASNYGHSIRSALKNRNLGVSNISHYAIDVSADKLVTWVESHDTYANDDEESTWMSDDDIRLGWAVIASRSGSTPLFFSRPEGGGNGVRFPGKSQIGDRGSALFEDQAITAVNRFHNVMAGQPEELSNPNGNNQIFMNQRGSHGVVLANAGSSSVSINTATKLPDGRYDNKAGAGSFQVNDGKLTGTINARSVAVLYPD,
152,ATAPSIKSGTILHAWNWSFNTLKHNMKDIHDAGYTAIQTSPINQVKEGNQGDKSMSNWYWLYQPTSYQIGNRYLGTEQEFKEMCAAAHEYGIKVIVDAVMNHTTSDYAAISNEVKSIPNWTHGNTPIKNWSDRWDVTQNSLLGLWDWNTQNTQVQSYLKRFLDRALNDGADGFRFDAAKHIELPDDGSYGSQFWPNITNTSAEFQYGEILQDSVSRDAAYANYMDVTASNYGHSIRSALKNRNLGVSNISHYAIDVSADKLVTWVESHDTYANDDEESTWMSDDDIRLGWAVIASRSGSTPLFFSRPEGGGNGVRFPGKSQIGDRGSALFEDQAITAVNRFHNVMAGQPEELSNPNGNNQIFMNQRGSHGVVLANAGSSSVSINTATKLPDGRYDNKAGAGSFQVNDGKLTGTINARSVAVLYPD,
153,ATAPSIKSGTILHAWNWSFNTLKHNMKDIHDAGYTAIQTSPINQVKEGNQGDKSMSNWYWLYQPTSYQIGNRYLGTEQEFKEMCAAAHEYGIKVIVDAVMNHTTSDYAAISNEVKSIPNWTHGNTPIKNWNDRWDVTQNSLLGLYDWNTQNTQVQSYLKRFLDRALNDGADGFRFDAAKHIELPDDGWYGSMFWPNITNTSAEFQYGEILQDSVSRDAAYANYMDVTASNYGHSIRSALKNRNLGVSNISHYAIDVSADKLVTWVESHDTYANDDEESTWMSDDDIRLGWAVIASRSGSTPLFFSRPEGGGNGVRFPGKSQIGDRGSALFEDQAITAVNRFHNVMAGQPEELSNPNGNNQIFMNQRGSHGVVLANAGSSSVSINTATKLPDGRYDNKAGAGSFQVNDGKLTGTINARSVAVLYPD,
154,ATAPSIKSGTILHAWNWSFNTLKHNMKDIHDAGYTAIQTSPINQVKEGNQGDKSMSNWYWLYQPTSYQIGNRYLGTEQEFKEMCAAAHEYGIKVIVDAVMNHTTSDYAAISNEVKSIPNWTHGNTPIKNWNDRWDVTQNSLLGLYDWNTQNTQVQSYLKRFLDRALNDGADGFRFDAAKHIELPDDGWYGSMFWPNITNTSAEFQYGEILQDSVSRDAAYANYMDITASNYGHSIRSALKNRNLGVSNISHYAIDVSADKLVTWVESHDTYANDDEESTWMSDDDIRLGWAVIASRSGSTPLFFSRPEGGGNGVRFPGKSQIGDRGSALFEDQAITAVNRFHNVMAGQPEELSNPNGNNQIFMNQRGSHGVVLANAGSSSVSINTATKLPDGRYDNKAGAGSFQVNDGKLTGTINARSVAVLYPD,
155,ATAPSIKSGTILHAWNWSFNTLKHNMKDIHDAGYTAIQTSPINQVKEGNQGDKSMSNWYWLYQPTSYQIGNRYLGTEQEFKEMCAAAHEYGIKVIVDAVMNHTTSDYAAISNEVKSIPNWTHGNTPIKNWNDRWDVTQNSLLGLYDWNTQNTQVQSYLKRFLDRALNDGADGFRFDAAKHIELPDDGSYGSQFWPNITNTSAEFQYGEILQDSVSRDAAYANYMDVTASNYGHSIRSALKNRNLGVSNISHYAIDVSADKLVTWVESHDTYANDDEESTWMSDDDIRLGWAVIASRSGSTPLFFSRPEGGGNGVRFPGKSQIGDRGSALFEDQAITAVNRFHNVMAGQPEELSNPNGNNQIFMNQRGSHGVVLANAGSSSVSINTATKLPDGRYDNKAGAGSFQVNDGKLTGTINARSVAVLYPD,
156,ATAPSIKSGTILHAWNWSFNTLKHNMKDIHDAGYTAIQTSPINQVKEGNQGDKSMSNWYWLYQPTSYQIGNRYLGTEQEFKEMCAAAHEYGIKVIVDAVMNHTTSDYAAISNEVKSIPNWTHGNTPIKNWNDRWDVTQNSLLGLWDWNTQNTQVQSYLKRFLDRALNDGADGFRFDAAKHIELPDDGSYGSMFWPNITNTSAEFQYGEILQDSVSRDAAYANYMDITASNYGHSIRSALKNRNLGVSNISHYAIDVSADKLVTWVESHDTYANDDEESTWMSDDDIRLGWAVIASRSGSTPLFFSRPEGGGNGVRFPGKSQIGDRGSALFEDQAITAVNRFHNVMAGQPEELSNPNGNNQIFMNQRGSHGVVLANAGSSSVSINTATKLPDGRYDNKAGAGSFQVNDGKLTGTINARSVAVLYPD,
157,ATAPSIKSGTILHAWNWSFNTLKHNMKDIHDAGYTAIQTSPINQVKEGNQGDKSMSNWYWLYQPTSYQIGNRYLGTEQEFKEMCAAAEEYGIKVIVDAVMNHTTSDYAAISNEVKSIPNWTHGNTPIKNWSDRWDVTQNSLLGLYDWNTQNTQVQSYLKRFLDRALNDGADGFRFDAAKHIELPDDGSYGSMFWPNITNTSAEFQYGEILQDSVSRDAAYANYMDVTASNYGHSIRSALKNRNLGVSNISHYAIDVSADKLVTWVESHDTYANDDEESTWMSDDDIRLGWAVIASRSGSTPLFFSRPEGGGNGVRFPGKSQIGDRGSALFEDQAITAVNRFHNVMAGQPEELSNPNGNNQIFMNQRGSHGVVLANAGSSSVSINTATKLPDGRYDNKAGAGSFQVNDGKLTGTINARSVAVLYPD,
158,ATAPSIKSGTILHAWNWSFNTLKHNMKDIHDAGYTAIQTSPINQVKEGNQGDKSMSNWYWLYQPTSYQIGNRYLGTEQEFKEMCAAAEEYGIKVIVDAVMNHTTSDYAAISNEVKSIPNWTHGNTPIKNWNDRWDVTQNSLLGLWDWNTQNTQVQSYLKRFLDRALNDGADGFRFDAAKHIELPDDGWYGSMFWPNITNTSAEFQYGEILQDSVSRDAAYANYMDVTASNYGHSIRSALKNRNLGVSNISHYAIDVSADKLVTWVESHDTYANDDEESTWMSDDDIRLGWAVIASRSGSTPLFFSRPEGGGNGVRFPGKSQIGDRGSALFEDQAITAVNRFHNVMAGQPEELSNPNGNNQIFMNQRGSHGVVLANAGSSSVSINTATKLPDGRYDNKAGAGSFQVNDGKLTGTINARSVAVLYPD,
159,ATAPSIKSGTILHAWNWSFNTLKHNMKDIHDAGYTAIQTSPINQVKEGNQGDKSMSNWYWLYQPTSYQIGNRYLGTEQEFKEMCAAAEEYGIKVIVDAVLNHTTSDYAAISNEVKSIPNWTHGNTPIKNWSDRWDVTQNSLYGLYDWNTQNTQVQSYLKRFLDRALNDGADGFRFDAAKHIELPDDGSYGSQFWPNITNTSAEFQYGEILQDSVSRDAAYANYMDITASNYGHSIRSALKNRNLGVSNISHYAIDVSADKLVTWVESHDTYANDDIESTWMSDDDIRLGWAVIASRSGSTPLFFSRPEGGGNGVRFPGKSQIGDRGSALFEDQAITAVNRFHNVMAGQPEELSNPNGVNQIFMNQRGSHGVVLANAGSSSVSINTATKLPDGRYDNKAGAGSFQVNDGKLTGTINARSVAVLYPD,
160,ATAPSIKSGTILHAWNWSFNTLKHNMKDIHDAGYTAIQTSPIMQVKEGNQGDKSMSNWYWLYQPTSYHIGNRYLGTEQEFKEMCAAAEEYGIKVIVDAVLNHTTSDYAAISNEVKSIPNWTHGNTPIKNWSDRWDVTQHSLYGLYDWNTQNTQVQSYLKRFLDRALNDGADGFRFDAAKHIELPDDGSYGSQFWPNITNTSAEFQYGEILQDSVSRDAAYANYMDVTASNYGHSIRSALKNRNLGVSNISHYAIDVSADKLVTWVESHDTYANDDEESTWMSDDDIRLGWAVIASRSGSTPLFFSRPEGGGNGVRFPGKSQIGDRGSALFEDQAITAVNRFHNVMAGQPEELSNPNGNNQIFMNQRGSHGVVLANAGSSSVSINTATKLPDGRYDNKAGAGSFQVNDGKLTGTINARSVAVLYPD,
