mutated_sequence,predicted_activity_dp7
ATAPSIKSGTILHAWNWSFNTLKHNMKDIHDAGYTAIQTSPIMQVKEGNQGDKSMSNWYWLYQPTSYHIGNRYLGTEQEFKEMCAAAEEYGIKVIVDAVLNHTTSDYAAISNEVKSIPNWTHGNTPIKNWSDRWDVTQNSLLGLYDWNTQNTQVQSYLKRFLDRALNDGADGFRFDAAKHIELPDDGSYGSQFWPNITNTSAEFQYGEILQDSVSRDAAYANYMDVTASNYGHSIRSALKNRNLGVSNISHYAIDVSADKLVTWVESHDTYANDDEESTWMSDDDIRLGWAVIASRSGSTPLFFSRPEGGGNGVRFPGKSQIGDRGSALFEDQAITAVNRFHNVMAGQPEELSNPNGNNQIFMNQRGSHGVVLANAGSSSVSINTATKLPDGRYDNKAGAGSFQVNDGKLTGTINARSVAVLYPD,8.462221497864197
ATAPSIKSGTILHAWNWSFNTLKHNMKDIHDAGYTAIQTSPIMQVKEGNQGDKSMSNWYWLYQPTSYHIGNRYLGTEQEFKEMCAAAEEYGIKVIVDAVLNHTTSDYAAISNEVKSIPNWTHGNTPIKNWSDRWDVTQNSLLGLYDWNTQNTQVQSYLKRFLDRALNDGADGFRFDAAKHIELPDDGSYGSQFWPNITNTSAEFQYGEILQDSVSRDAAYANYMDVTASNYGHSIRSALKNRNLGVSNISHYAIDVSADKLVTWVESHDTYANDDEESTWMSDDDIRLGWAVIASRSGSTPLFFSRPEGGGNGVRFPGKSQIGDRGSALFEDQAITAVNRFHNVMAGQPEELSNPNGNNQIFMNQRGSHGVVLANAGSSSVSINTATKLPDGRYDNKAGAGSFQVNDGKLTGTINARSVAVLYPD,8.462221497864197
ATAPSIKSGTILHAWNWSFNTLKHNMKDIHDAGYTAIQTSPIMQVKEGNQGDKSMSNWYWLYQPTSYHIGNRYLGTEQEFKEMCAAAEEYGIKVIVDAVLNHTTSDYAAISNEVKSIPNWTHGNTPIKNWSDRWDVTQNSLLGLYDWNTQNTQVQSYLKRFLDRALNDGADGFRFDAAKHIELPDDGSYGSQFWPNITNTSAEFQYGEILQDSVSRDAAYANYMDVTASNYGHSIRSALKNRNLGVSNISHYAIDVSADKLVTWVESHDTYANDDEESTWMSDDDIRLGWAVIASRSGSTPLFFSRPEGGGNGVRFPGKSQIGDRGSALFEDQAITAVNRFHNVMAGQPEELSNPNGNNQIFMNQRGSHGVVLANAGSSSVSINTATKLPDGRYDNKAGAGSFQVNDGKLTGTINARSVAVLYPD,8.462221497864197
ATAPSIKSGTILHAWNWSFNTLKHNMKDIHDAGYTAIQTSPIMQVKEGNQGDKSMSNWYWLYQPTSYQIGNRYLGTEQEFKEMCAAAEEYGIKVIVDAVLNHTTSDYAAISNEVKSIPNWTHGNTPIKNWSDRWDVTQNSLLGLYDWNTQNTQVQSYLKRFLDRALNDGADGFRFDAAKHIELPDDGSYGSQFWPNITNTSAEFQYGEILQDSVSRDAAYANYMDVTASNYGHSIRSALKNRNLGVSNISHYAIDVSADKLVTWVESHDTYANDDEESTWMSDDDIRLGWAVIASRSGSTPLFFSRPEGGGNGVRFPGKSQIGDRGSALFEDQAITAVNRFHNVMAGQPEELSNPNGNNQIFMNQRGSHGVVLANAGSSSVSINTATKLPDGRYDNKAGAGSFQVNDGKLTGTINARSVAVLYPD,8.289413557742872
ATAPSIKSGTILHAWNWSFNTLKHNMKDIHDAGYTAIQTSPIMQVKEGNQGDKSMSNWYWLYQPTSYQIGNRYLGTEQEFKEMCAAAEEYGIKVIVDAVLNHTTSDYAAISNEVKSIPNWTHGNTPIKNWSDRWDVTQNSLLGLYDWNTQNTQVQSYLKRFLDRALNDGADGFRFDAAKHIELPDDGSYGSQFWPNITNTSAEFQYGEILQDSVSRDAAYANYMDVTASNYGHSIRSALKNRNLGVSNISHYAIDVSADKLVTWVESHDTYANDDEESTWMSDDDIRLGWAVIASRSGSTPLFFSRPEGGGNGVRFPGKSQIGDRGSALFEDQAITAVNRFHNVMAGQPEELSNPNGNNQIFMNQRGSHGVVLANAGSSSVSINTATKLPDGRYDNKAGAGSFQVNDGKLTGTINARSVAVLYPD,8.289413557742872
ATAPSIKSGTILHAWNWSFNTLKHNMKDIHDAGYTAIQTSPIMQVKEGNQGDKSMSNWYWLYQPTSYQIGNRYLGTEQEFKEMCAAAEEYGIKVIVDAVLNHTTSDYAAISNEVKSIPNWTHGNTPIKNWSDRWDVTQNSLLGLYDWNTQNTQVQSYLKRFLDRALNDGADGFRFDAAKHIELPDDGSYGSQFWPNITNTSAEFQYGEILQDSVSRDAAYANYMDVTASNYGHSIRSALKNRNLGVSNISHYAIDVSADKLVTWVESHDTYANDDEESTWMSDDDIRLGWAVIASRSGSTPLFFSRPEGGGNGVRFPGKSQIGDRGSALFEDQAITAVNRFHNVMAGQPEELSNPNGNNQIFMNQRGSHGVVLANAGSSSVSINTATKLPDGRYDNKAGAGSFQVNDGKLTGTINARSVAVLYPD,8.289385210469156
ATAPSIKSGTILHAWNWSFNTLKHNMKDIHDAGYTAIQTSPIMQVKEGNQGDKSMSNWYWLYQPTSYHIGNRYLGTEQEFKEMCAAAEEYGLKVIVDAVLNHTTSDYAAISNEVKSIPNWTHGNTPIKNWSDRWDVTQHSLLGLYDWNTQNTQVQSYLKRFLDRALNDGADGFRFDAAKHIELPDDGSYGSQFWPNITNTSAEFQYGEILQDSVSRDAAYANYMDITASNYGHSIRSALKNRNLGVSNISHYAIDVSADKLVTWVESHDTYANDDEESTWMSDDDIRLGWAVIASRSGSTPLFFSRPEGGGNGVRFPGKSQIGDRGSALFEDQAITAVNRFHNVMAGQPEELSNPNGNNQIFMNQRGSHGVVLANAGSSSVSINTATKLPDGRYDNKAGAGSFQVNDGKLTGTINARSVAVLYPD,7.488877530676696
ATAPSIKSGTILHAWNWSFNTLKHNMKDIHDAGYTAIQTSPIMQVKEGNQGDKSMSNWYWLYQPTSYHIGNRYLGTEQEFKEMCAAAEEYGLKVIVDAVLNHTTSDYAAISNEVKSIPNWTHGNTPIKNWSDRWDVTQHSLLGLYDWNTQNTQVQSYLKRFLDRALNDGADGFRFDAAKHIELPDDGSYGSQFWPNITNTSAEFQYGEILQDSVSRDAAYANYMDITASNYGHSIRSALKNRNLGVSNISHYAIDVSADKLVTWVESHDTYANDDEESTWMSDDDIRLGWAVIASRSGSTPLFFSRPEGGGNGVRFPGKSQIGDRGSALFEDQAITAVNRFHNVMAGQPEELSNPNGNNQIFMNQRGSHGVVLANAGSSSVSINTATKLPDGRYDNKAGAGSFQVNDGKLTGTINARSVAVLYPD,7.488877530676679
ATAPSIKSGTILHAWNWSFNTLKHNMKDIHDAGYTAIQTSPIMQVKEGNQGDKSMSNWYWLYQPTSYHIGNRYLGTEQEFKEMCAAAEEYGLKVIVDAVLNHTTSDYAAISNEVKSIPNWTHGNTPIKNWSDRWDVTQHSLLGLYDWNTQNTQVQSYLKRFLDRALNDGADGFRFDAAKHIELPDDGSYGSQFWPNITNTSAEFQYGEILQDSVSRDAAYANYMDITASNYGHSIRSALKNRNLGVSNISHYAIDVSADKLVTWVESHDTYANDDEESTWMSDDDIRLGWAVIASRSGSTPLFFSRPEGGGNGVRFPGKSQIGDRGSALFEDQAITAVNRFHNVMAGQPEELSNPNGNNQIFMNQRGSHGVVLANAGSSSVSINTATKLPDGRYDNKAGAGSFQVNDGKLTGTINARSVAVLYPD,7.488877530676679
ATAPSIKSGTILHAWNWSFNTLKHNMKDIHDAGYTAIQTSPIMQVKEGNQGDKSMSNWYWLYQPTSYQIGNRYLGTEQEFKEMCAAAEEYGIKVIVDAVLNHTTSDYAAISNEVKSIPNWTHGNTPIKNWSDRWDVTQNSLLGLYDWNTQNTQVQSYLKRFLDRALNDGADGFRFDAAKHIELPDDGSYGSQFWPNITNTSAEFQYGEILQDSVSRDAAYANYMDVTASNYGHSIRSALKNRNLGVTNISHYAIDVSADKLVTWVESHDTYANDDEESTWMSDDDIRLGWAVIASRSGSTPLFFSRPEGGGNGVRFPGKSQIGDRGSALFEDQAITAVNRFHNVMAGQPEELSNPNGNNQIFMNQRGSHGVVLANAGSSSVSINTATKLPDGRYDNKAGAGSFQVNDGKLTGTINARSVAVLYPD,6.853910052031216
ATAPSIKSGTILHAWNWSFNTLKHNMKDIHDAGYTAIQTSPIMQVKEGNQGDKSMSNWYWLYQPTSYQIGNRYLGTEQEFKEMCAAAEEYGIKVIVDAVLNHTTSDYAAISNEVKSIPNWTHGNTPIKNWSDRWDVTQNSLLGLYDWNTQNTQVQSYLKRFLDRALNDGADGFRFDAAKHIELPDDGSYGSQFWPNITNTSAEFQYGEILQDSVSRDAAYANYMDVTASNYGHSIRSALKNRNLGVTNISHYAIDVSADKLVTWVESHDTYANDDEESTWMSDDDIRLGWAVIASRSGSTPLFFSRPEGGGNGVRFPGKSQIGDRGSALFEDQAITAVNRFHNVMAGQPEELSNPNGNNQIFMNQRGSHGVVLANAGSSSVSINTATKLPDGRYDNKAGAGSFQVNDGKLTGTINARSVAVLYPD,6.853910052031216
ATAPSIKSGTILHAWNWSFNTLKHNMKDIHDAGYTAIQTSPIMQVKEGNQGDKSMSNWYWLYQPTSYQIGNRYLGTEQEFKEMCAAAEEYGIKVIVDAVLNHTTSDYAAISNEVKSIPNWTHGNTPIKNWSDRWDVTQNSLLGLYDWNTQNTQVQSYLKRFLDRALNDGADGFRFDAAKHIELPDDGSYGSQFWPNITNTSAEFQYGEILQDSVSRDAAYANYMDVTASNYGHSIRSALKNRNLGVTNISHYAIDVSADKLVTWVESHDTYANDDEESTWMSDDDIRLGWAVIASRSGSTPLFFSRPEGGGNGVRFPGKSQIGDRGSALFEDQAITAVNRFHNVMAGQPEELSNPNGNNQIFMNQRGSHGVVLANAGSSSVSINTATKLPDGRYDNKAGAGSFQVNDGKLTGTINARSVAVLYPD,6.853910052031216
ATAPSIKSGTILHAWNWSFNTLKHNMKDIHDAGYTAIQTSPINQVKEGNQGDKSMSNWYWLYQPTSYHIGNRYLGTEQEFKEMCAAAEEYGIKVIVDAVLNHTTSDYAAISNEVKSIPNWTHGNTPIKNWSDRWDVTQNSLLGLYDWNTQNTQVQSYLKRFLDRALNDGADGFRFDAAKHIELPDDGSYGSQFWPNITNTSAEFQYGEILQDSVSRDAAYANYMDVTASNYGHSIRSALKNRNLGVSNISHYAIDVSADKLVTWVESHDTYANDDEESTWMSDDDIRLGWAVIASRSGSTPLFFSRPEGGGNGVRFPGKSQIGDRGSALFEDQAITAVNRFHNVMAGQPEELSNPNGNNQIFMNQRGSHGVVLANAGSSSVSINTATKLPDGRYDNKAGAGMFQVNDGKLTGTINARSVAVLYPD,6.6962148298029405
ATAPSIKSGTILHAWNWSFNTLKHNMKDIHDAGYTAIQTSPINQVKEGNQGDKSMSNWYWLYQPTSYHIGNRYLGTEQEFKEMCAAAEEYGIKVIVDAVLNHTTSDYAAISNEVKSIPNWTHGNTPIKNWSDRWDVTQNSLLGLYDWNTQNTQVQSYLKRFLDRALNDGADGFRFDAAKHIELPDDGSYGSQFWPNITNTSAEFQYGEILQDSVSRDAAYANYMDVTASNYGHSIRSALKNRNLGVSNISHYAIDVSADKLVTWVESHDTYANDDEESTWMSDDDIRLGWAVIASRSGSTPLFFSRPEGGGNGVRFPGKSQIGDRGSALFEDQAITAVNRFHNVMAGQPEELSNPNGNNQIFMNQRGSHGVVLANAGSSSVSINTATKLPDGRYDNKAGAGMFQVNDGKLTGTINARSVAVLYPD,6.696208867781207
ATAPSIKSGTILHAWNWSFNTLKHNMKDIHDAGYTAIQTSPINQVKEGNQGDKSMSNWYWLYQPTSYHIGNRYLGTEQEFKEMCAAAEEYGIKVIVDAVLNHTTSDYAAISNEVKSIPNWTHGNTPIKNWSDRWDVTQNSLLGLYDWNTQNTQVQSYLKRFLDRALNDGADGFRFDAAKHIELPDDGSYGSQFWPNITNTSAEFQYGEILQDSVSRDAAYANYMDVTASNYGHSIRSALKNRNLGVSNISHYAIDVSADKLVTWVESHDTYANDDEESTWMSDDDIRLGWAVIASRSGSTPLFFSRPEGGGNGVRFPGKSQIGDRGSALFEDQAITAVNRFHNVMAGQPEELSNPNGNNQIFMNQRGSHGVVLANAGSSSVSINTATKLPDGRYDNKAGAGMFQVNDGKLTGTINARSVAVLYPD,6.696208867781207
ATAPSIKSGTILHAWNWSFNTLKHNMKDIHDAGYTAIQTSPINQVKEGNQGDKSMSNWYWLYQPTSYHIGNRYLGTEQEFKEMCAAAEEYGIKVIVDAVLNHTTSDYAAISNEVKSIPNWTHGNTPIKNWSDRWDVTQNSLLGLYDWNTQNTQVQSYLKRFLDRALNDGADGFRFDAAKHIELPDDGSYGSQFWPNITNTSAEFQYGEILQDSVSRDAAYANYMDVTASNYGHSIRSALKNRNLGVSNISHYAIDVSADKLVTWVESHDTYANDDEESTWMSDDDIRLGWAVIASRSGSTPLFFSRPEGGGNGVRFPGKSQIGDRGSALFEDQAITAVNRFHNVMAGQPEELSNPNGNNQIFMNQRGSHGVVLANAGSSSVSINTATKLPDGRYDNKAGAGSFQVNDGKLTGTINARSVAVLYPD,6.385594061671615
ATAPSIKSGTILHAWNWSFNTLKHNMKDIHDAGYTAIQTSPINQVKEGNQGDKSMSNWYWLYQPTSYHIGNRYLGTEQEFKEMCAAAEEYGIKVIVDAVLNHTTSDYAAISNEVKSIPNWTHGNTPIKNWSDRWDVTQNSLLGLYDWNTQNTQVQSYLKRFLDRALNDGADGFRFDAAKHIELPDDGSYGSQFWPNITNTSAEFQYGEILQDSVSRDAAYANYMDVTASNYGHSIRSALKNRNLGVSNISHYAIDVSADKLVTWVESHDTYANDDEESTWMSDDDIRLGWAVIASRSGSTPLFFSRPEGGGNGVRFPGKSQIGDRGSALFEDQAITAVNRFHNVMAGQPEELSNPNGNNQIFMNQRGSHGVVLANAGSSSVSINTATKLPDGRYDNKAGAGSFQVNDGKLTGTINARSVAVLYPD,6.385594061671615
ATAPSIKSGTILHAWNWSFNTLKHNMKDIHDAGYTAIQTSPINQVKEGNQGDKSMSNWYWLYQPTSYHIGNRYLGTEQEFKEMCAAAEEYGIKVIVDAVLNHTTSDYAAISNEVKSIPNWTHGNTPIKNWSDRWDVTQNSLLGLYDWNTQNTQVQSYLKRFLDRALNDGADGFRFDAAKHIELPDDGSYGSQFWPNITNTSAEFQYGEILQDSVSRDAAYANYMDVTASNYGHSIRSALKNRNLGVSNISHYAIDVSADKLVTWVESHDTYANDDEESTWMSDDDIRLGWAVIASRSGSTPLFFSRPEGGGNGVRFPGKSQIGDRGSALFEDQAITAVNRFHNVMAGQPEELSNPNGNNQIFMNQRGSHGVVLANAGSSSVSINTATKLPDGRYDNKAGAGSFQVNDGKLTGTINARSVAVLYPD,6.385544284880254
ATAPSIKSGTILHAWNWSFNTLKHNMKDIHDAGYTAIQTSPIMQVKEGNQGDKSMSNWYWLYQPTSYHIGNRYLGTEQEFKEMCAAAEEYGIKVIVDAVLNHTTSDYAAISNEVKSIPNWTHGNTPIKNWSDRWDVTQHSLLGLYDWNTQNTQVQSYLKRFLDRALNDGADGFRFDAAKHIELPDDGSYGSQFWPNITNTSAEFQYGEILQDSVSRDAAYANYMDVTASNYGYSIRSALKNRNLGVSNISHYAIDVSADKLVTWVESHDTYANDDEESTWMSDDDIRLGWAVIASRSGSTPLFFSRPEGGGNGVRFPGKSQIGDRGSALFEDQAITAVNRFHNVMAGQPEELSNPNGNNQIFMNQRGSHGVVLANAGSSSVSINTATKLPDGRYDNKAGAGSFQVNDGKLTGTINARSVAVLYPD,6.290114009968519
ATAPSIKSGTILHAWNWSFNTLKHNMKDIHDAGYTAIQTSPIMQVKEGNQGDKSMSNWYWLYQPTSYHIGNRYLGTEQEFKEMCAAAEEYGIKVIVDAVLNHTTSDYAAISNEVKSIPNWTHGNTPIKNWSDRWDVTQHSLLGLYDWNTQNTQVQSYLKRFLDRALNDGADGFRFDAAKHIELPDDGSYGSQFWPNITNTSAEFQYGEILQDSVSRDAAYANYMDVTASNYGYSIRSALKNRNLGVSNISHYAIDVSADKLVTWVESHDTYANDDEESTWMSDDDIRLGWAVIASRSGSTPLFFSRPEGGGNGVRFPGKSQIGDRGSALFEDQAITAVNRFHNVMAGQPEELSNPNGNNQIFMNQRGSHGVVLANAGSSSVSINTATKLPDGRYDNKAGAGSFQVNDGKLTGTINARSVAVLYPD,6.2901106636168045
ATAPSIKSGTILHAWNWSFNTLKHNMKDIHDAGYTAIQTSPIMQVKEGNQGDKSMSNWYWLYQPTSYHIGNRYLGTEQEFKEMCAAAEEYGIKVIVDAVLNHTTSDYAAISNEVKSIPNWTHGNTPIKNWSDRWDVTQHSLLGLYDWNTQNTQVQSYLKRFLDRALNDGADGFRFDAAKHIELPDDGSYGSQFWPNITNTSAEFQYGEILQDSVSRDAAYANYMDVTASNYGYSIRSALKNRNLGVSNISHYAIDVSADKLVTWVESHDTYANDDEESTWMSDDDIRLGWAVIASRSGSTPLFFSRPEGGGNGVRFPGKSQIGDRGSALFEDQAITAVNRFHNVMAGQPEELSNPNGNNQIFMNQRGSHGVVLANAGSSSVSINTATKLPDGRYDNKAGAGSFQVNDGKLTGTINARSVAVLYPD,6.2901106636168045
ATAPSIKSGTILHAWNWSFNTLKHNMKDIHDAGYTAIQTSPIMQVKEGNQGDKSMSNWYWLYQPTSYHIGNRYLGTEQEFKEMCAAAEEYGIKVIVDAVLNHTTSDYAAISNEVKSIPNWTHGNTPIKNWSDRWDVTQNSLYGLYDWNTQNTQVQSYLKRFLDRALNDGADGFRFDAAKHIELPDDGSYGSQFWPNITNTSAEFQYGEILQDSVSRDAAYANYMDVTASNYGHSIRSALKNRNLGVSNISHYAIDVSADKLVTWVESHDTYANDDEESTWMSDDDIRLGWAVIASRSGSTPLFFSRPEGGGNGVRFPGKSQIGDRGSALFEDQAITAVNRFHNVMAGQPEELSNPNGNNQIFMNQRGSHGVVLANAGSSSVSINTATKLPDGRYDNKAGAGSFQVNDGKLTGTINARSVAVLYPD,5.610893221702932
ATAPSIKSGTILHAWNWSFNTLKHNMKDIHDAGYTAIQTSPIMQVKEGNQGDKSMSNWYWLYQPTSYHIGNRYLGTEQEFKEMCAAAEEYGIKVIVDAVLNHTTSDYAAISNEVKSIPNWTHGNTPIKNWSDRWDVTQNSLYGLYDWNTQNTQVQSYLKRFLDRALNDGADGFRFDAAKHIELPDDGSYGSQFWPNITNTSAEFQYGEILQDSVSRDAAYANYMDVTASNYGHSIRSALKNRNLGVSNISHYAIDVSADKLVTWVESHDTYANDDEESTWMSDDDIRLGWAVIASRSGSTPLFFSRPEGGGNGVRFPGKSQIGDRGSALFEDQAITAVNRFHNVMAGQPEELSNPNGNNQIFMNQRGSHGVVLANAGSSSVSINTATKLPDGRYDNKAGAGSFQVNDGKLTGTINARSVAVLYPD,5.610893221702932
ATAPSIKSGTILHAWNWSFNTLKHNMKDIHDAGYTAIQTSPIMQVKEGNQGDKSMSNWYWLYQPTSYHIGNRYLGTEQEFKEMCAAAEEYGIKVIVDAVLNHTTSDYAAISNEVKSIPNWTHGNTPIKNWSDRWDVTQNSLYGLYDWNTQNTQVQSYLKRFLDRALNDGADGFRFDAAKHIELPDDGSYGSQFWPNITNTSAEFQYGEILQDSVSRDAAYANYMDVTASNYGHSIRSALKNRNLGVSNISHYAIDVSADKLVTWVESHDTYANDDEESTWMSDDDIRLGWAVIASRSGSTPLFFSRPEGGGNGVRFPGKSQIGDRGSALFEDQAITAVNRFHNVMAGQPEELSNPNGNNQIFMNQRGSHGVVLANAGSSSVSINTATKLPDGRYDNKAGAGSFQVNDGKLTGTINARSVAVLYPD,5.610893221702932
ATAPSIKSGTILHAWNWSFNTLKHNMKDIHDAGYTAIQTSPIMQVKEGNQGDKSMSNWYWLYQPTSYHIGNRYLGTEQEFKEMCAAAEEYGIKVIVDAVLNHTTSDYAAISNEVKSIPNWTHGNTPIKNWSDRWDVTQHSLYGLYDWNTQNTQVQSYLKRFLDRALNDGADGFRFDAAKHIELPDDGSYGSQFWPNITNTSAEFQYGEILQDSVSRDAAYANYMDVTASNYGHSIRSALKNRNLGVSNISHYAIDVSADKLVTWVESHDTYANDDEESTWMSDDDIRLGWAVIASRSGSTPLFFSRPEGGGNGVRFPGKSQIGDRGSALFEDQAITAVNRFHNVMAGQPEELSNPNGNNQIFMNQRGSHGVVLANAGSSSVSINTATKLPDGRYDNKAGAGSFQVNDGKLTGTINARSVAVLYPD,5.528399699103038
ATAPSIKSGTILHAWNWSFNTLKHNMKDIHDAGYTAIQTSPIMQVKEGNQGDKSMSNWYWLYQPTSYHIGNRYLGTEQEFKEMCAAAEEYGIKVIVDAVLNHTTSDYAAISNEVKSIPNWTHGNTPIKNWSDRWDVTQHSLYGLYDWNTQNTQVQSYLKRFLDRALNDGADGFRFDAAKHIELPDDGSYGSQFWPNITNTSAEFQYGEILQDSVSRDAAYANYMDVTASNYGHSIRSALKNRNLGVSNISHYAIDVSADKLVTWVESHDTYANDDEESTWMSDDDIRLGWAVIASRSGSTPLFFSRPEGGGNGVRFPGKSQIGDRGSALFEDQAITAVNRFHNVMAGQPEELSNPNGNNQIFMNQRGSHGVVLANAGSSSVSINTATKLPDGRYDNKAGAGSFQVNDGKLTGTINARSVAVLYPD,5.528399699103038
ATAPSIKSGTILHAWNWSFNTLKHNMKDIHDAGYTAIQTSPIMQVKEGNQGDKSMSNWYWLYQPTSYHIGNRYLGTEQEFKEMCAAAEEYGIKVIVDAVLNHTTSDYAAISNEVKSIPNWTHGNTPIKNWSDRWDVTQHSLYGLYDWNTQNTQVQSYLKRFLDRALNDGADGFRFDAAKHIELPDDGSYGSQFWPNITNTSAEFQYGEILQDSVSRDAAYANYMDVTASNYGHSIRSALKNRNLGVSNISHYAIDVSADKLVTWVESHDTYANDDEESTWMSDDDIRLGWAVIASRSGSTPLFFSRPEGGGNGVRFPGKSQIGDRGSALFEDQAITAVNRFHNVMAGQPEELSNPNGNNQIFMNQRGSHGVVLANAGSSSVSINTATKLPDGRYDNKAGAGSFQVNDGKLTGTINARSVAVLYPD,5.528399699103038
ATAPSIKSGTILHAWNWSFNTLKHNMKDIHDAGYTAIQTSPIMQVKEGNQGDKSMSNWYWLYQPTSYHIGNRYLGTEQEFKEMCAAAEEYGIKVIVDAVLNHTTSDYAAISNEVKSIPNWTHGNTPIKNWSDRWDVTQHSLYGLYDWNTQNTQVQSYLKRFLDRALNDGADGFRFDAAKHIELPDDGSYGSQFWPNITNTSAEFQYGEILQDSVSRDAAYANYMDVTASNYGHSIRSALKNRNLGVSNISHYAIDVSADKLVTWVESHDTYANDDEESTWMSDDDIRLGWAVIASRSGSTPLFFSRPEGGGNGVRFPGKSQIGDRGSALFEDQAITAVNRFHNVMAGQPEELSNPNGNNQIFMNQRGSHGVVLANAGSSSVSINTATKLPDGRYDNKAGAGSFQVNDGKLTGTINARSVAVLYPD,5.52838347356704
ATAPSIKSGTILHAWNWSFNTLKHNMKDIHDAGYTAIQTSPIMQVKEGNQGDKSMSNWYWLYQPTSYHIGNRYLGTEQEFKEMCAAAEEYGIKVIVDAVLNHTTSDYAAISNEVKSIPNWTHGNTPIKNWSDRWDVTQHSLLGLYDWNTQNTQVQSYLKRFLDRALNDGADGFRFDAAKHIELPDDGSYGSQFWPNITNTSAEFQYGEILQDSVSRDAAYANYMDITASNYGHSIRSALKNRNLGVSNISHYAIDVSADKLVTWVESHDTYANDDEESTWMSDDDIRLGWAVIASRSGSTPLFFSRPEGGGNGVRFPGKSQIGDRGSALFEDQAITAVNRFHNVMAGQPEELSNPNGNNQIFMNQRGSHGVVLANAGSSSVSINTATKLPDGRYDNKAGAGMFQVNDGKLTGTINARSVAVLYPD,5.34564036482742
ATAPSIKSGTILHAWNWSFNTLKHNMKDIHDAGYTAIQTSPIMQVKEGNQGDKSMSNWYWLYQPTSYHIGNRYLGTEQEFKEMCAAAEEYGIKVIVDAVLNHTTSDYAAISNEVKSIPNWTHGNTPIKNWSDRWDVTQHSLLGLYDWNTQNTQVQSYLKRFLDRALNDGADGFRFDAAKHIELPDDGSYGSQFWPNITNTSAEFQYGEILQDSVSRDAAYANYMDITASNYGHSIRSALKNRNLGVSNISHYAIDVSADKLVTWVESHDTYANDDEESTWMSDDDIRLGWAVIASRSGSTPLFFSRPEGGGNGVRFPGKSQIGDRGSALFEDQAITAVNRFHNVMAGQPEELSNPNGNNQIFMNQRGSHGVVLANAGSSSVSINTATKLPDGRYDNKAGAGMFQVNDGKLTGTINARSVAVLYPD,5.34564036482742
ATAPSIKSGTILHAWNWSFNTLKHNMKDIHDAGYTAIQTSPIMQVKEGNQGDKSMSNWYWLYQPTSYHIGNRYLGTEQEFKEMCAAAEEYGIKVIVDAVLNHTTSDYAAISNEVKSIPNWTHGNTPIKNWSDRWDVTQHSLLGLYDWNTQNTQVQSYLKRFLDRALNDGADGFRFDAAKHIELPDDGSYGSQFWPNITNTSAEFQYGEILQDSVSRDAAYANYMDITASNYGHSIRSALKNRNLGVSNISHYAIDVSADKLVTWVESHDTYANDDEESTWMSDDDIRLGWAVIASRSGSTPLFFSRPEGGGNGVRFPGKSQIGDRGSALFEDQAITAVNRFHNVMAGQPEELSNPNGNNQIFMNQRGSHGVVLANAGSSSVSINTATKLPDGRYDNKAGAGMFQVNDGKLTGTINARSVAVLYPD,5.34564036482742
ATAPSIKSGTILHAWNWSFNTLKHNMKDIHDAGYTAIQTSPINQVKEGNQGDKSMSNWYWLYQPTSYHIGNRYLGTEQEFKEMCAAAEEYGIKVIVDAVLNHTTSDYAAISNEVKSIPNWTHGNTPIKNWSDRWDVTQNSLLGLYDWNTQNTQVQSYLKRFLDRALNDGADGFRFDAAKHIELPDDGSYGSQFWPNITNTSAEFQYGEILQDSVSRDAAYANYMDITASNYGHSIRSALKNRNLGVSNISHYAIDVSADKLVTWVESHDTYANDDEESTWMSDDDIRLGWAVIASRSGSTPLFFSRPEGGGNGVRFPGKSQIGDRGSALFEDQAITAVNRFHNVMAGQPEELSNPNGNNQIFMNQRGSHGVVLANAGSSSVSINTATKLPDGRYDNKAGAGSFQVNDGKLTGTINARSVAVLYPD,4.973290177747959
ATAPSIKSGTILHAWNWSFNTLKHNMKDIHDAGYTAIQTSPINQVKEGNQGDKSMSNWYWLYQPTSYHIGNRYLGTEQEFKEMCAAAEEYGIKVIVDAVLNHTTSDYAAISNEVKSIPNWTHGNTPIKNWSDRWDVTQNSLLGLYDWNTQNTQVQSYLKRFLDRALNDGADGFRFDAAKHIELPDDGSYGSQFWPNITNTSAEFQYGEILQDSVSRDAAYANYMDITASNYGHSIRSALKNRNLGVSNISHYAIDVSADKLVTWVESHDTYANDDEESTWMSDDDIRLGWAVIASRSGSTPLFFSRPEGGGNGVRFPGKSQIGDRGSALFEDQAITAVNRFHNVMAGQPEELSNPNGNNQIFMNQRGSHGVVLANAGSSSVSINTATKLPDGRYDNKAGAGSFQVNDGKLTGTINARSVAVLYPD,4.973290177747959
ATAPSIKSGTILHAWNWSFNTLKHNMKDIHDAGYTAIQTSPINQVKEGNQGDKSMSNWYWLYQPTSYHIGNRYLGTEQEFKEMCAAAEEYGIKVIVDAVLNHTTSDYAAISNEVKSIPNWTHGNTPIKNWSDRWDVTQNSLLGLYDWNTQNTQVQSYLKRFLDRALNDGADGFRFDAAKHIELPDDGSYGSQFWPNITNTSAEFQYGEILQDSVSRDAAYANYMDITASNYGHSIRSALKNRNLGVSNISHYAIDVSADKLVTWVESHDTYANDDEESTWMSDDDIRLGWAVIASRSGSTPLFFSRPEGGGNGVRFPGKSQIGDRGSALFEDQAITAVNRFHNVMAGQPEELSNPNGNNQIFMNQRGSHGVVLANAGSSSVSINTATKLPDGRYDNKAGAGSFQVNDGKLTGTINARSVAVLYPD,4.973282736661609
ATAPSIKSGTILHAWNWSFNTLKHNMKDIHDAGYTAIQTSPIMQVKEGNQGDKSMSNWYWLYQPTSYHIGNRYLGTEQEFKEMCAAAEEYGIKVIVDAVLNHTTSDYAAISNEVKSIPNWTHGNTPIKNWSDRWDVTQNSLYGLYDWNTQNTQVQSYLKRFLDRALNDGADGFRFDAAKHIELPDDGSYGSQFWPNITNTSAEFQYGEILQDSVSRDAAYANYMDITASNYGHSIRSALKNRNLGVSNISHYAIDVSADKLVTWVESHDTYANDDEESTWMSDDDIRLGWAVIASRSGSTPLFFSRPEGGGNGVRFPGKSQIGDRGSALFEDQAITAVNRFHNVMAGQPEELSNPNGNNQIFMNQRGSHGVVLANAGSSSVSINTATKLPDGRYDNKAGAGSFQVNDGKLTGTINARSVAVLYPD,4.691199889985155
ATAPSIKSGTILHAWNWSFNTLKHNMKDIHDAGYTAIQTSPIMQVKEGNQGDKSMSNWYWLYQPTSYHIGNRYLGTEQEFKEMCAAAEEYGIKVIVDAVLNHTTSDYAAISNEVKSIPNWTHGNTPIKNWSDRWDVTQNSLYGLYDWNTQNTQVQSYLKRFLDRALNDGADGFRFDAAKHIELPDDGSYGSQFWPNITNTSAEFQYGEILQDSVSRDAAYANYMDITASNYGHSIRSALKNRNLGVSNISHYAIDVSADKLVTWVESHDTYANDDEESTWMSDDDIRLGWAVIASRSGSTPLFFSRPEGGGNGVRFPGKSQIGDRGSALFEDQAITAVNRFHNVMAGQPEELSNPNGNNQIFMNQRGSHGVVLANAGSSSVSINTATKLPDGRYDNKAGAGSFQVNDGKLTGTINARSVAVLYPD,4.691199889985155
ATAPSIKSGTILHAWNWSFNTLKHNMKDIHDAGYTAIQTSPIMQVKEGNQGDKSMSNWYWLYQPTSYHIGNRYLGTEQEFKEMCAAAEEYGIKVIVDAVLNHTTSDYAAISNEVKSIPNWTHGNTPIKNWSDRWDVTQNSLYGLYDWNTQNTQVQSYLKRFLDRALNDGADGFRFDAAKHIELPDDGSYGSQFWPNITNTSAEFQYGEILQDSVSRDAAYANYMDITASNYGHSIRSALKNRNLGVSNISHYAIDVSADKLVTWVESHDTYANDDEESTWMSDDDIRLGWAVIASRSGSTPLFFSRPEGGGNGVRFPGKSQIGDRGSALFEDQAITAVNRFHNVMAGQPEELSNPNGNNQIFMNQRGSHGVVLANAGSSSVSINTATKLPDGRYDNKAGAGSFQVNDGKLTGTINARSVAVLYPD,4.691199889985155
ATAPSIKSGTILHAWNWSFNTLKHNMKDIHDAGYTAIQTSPINQVKEGNQGDKSMSNWYWLYQPTSYQIGNRYLGTEQEFKEMCAAAEEYGIKVIVDAVLNHTTSDYAAISNEVKSIPNWTHGNTPIKNWSDRWDVTQNSLLGLYDWNTQNTQVQSYLKRFLDRALNDGADGFRFDAAKHIELPDDGSYGSQFWPNITNTSAEFQYGEILQDSVSRDAAYANYMDVTASNYGHSIRSALKNRNLGVSNISHYAIDVSADKLVTWVESHDTYANDDEESTWMSDDDIRLGWAVIASRSGSTPLFFSRPEGGGNGVRFPGKSQIGDRGSALFEDQAITAVNRFHNVMAGQPEELSNPNGNNQIFMNQRGSHGVVLANAGSSSVSINTATKLPDGRYDNKAGAGSFQVNDGKLTGTINARSVAVLYPD,4.66693750138036
ATAPSIKSGTILHAWNWSFNTLKHNMKDIHDAGYTAIQTSPINQVKEGNQGDKSMSNWYWLYQPTSYQIGNRYLGTEQEFKEMCAAAEEYGIKVIVDAVLNHTTSDYAAISNEVKSIPNWTHGNTPIKNWSDRWDVTQNSLLGLYDWNTQNTQVQSYLKRFLDRALNDGADGFRFDAAKHIELPDDGSYGSQFWPNITNTSAEFQYGEILQDSVSRDAAYANYMDVTASNYGHSIRSALKNRNLGVSNISHYAIDVSADKLVTWVESHDTYANDDEESTWMSDDDIRLGWAVIASRSGSTPLFFSRPEGGGNGVRFPGKSQIGDRGSALFEDQAITAVNRFHNVMAGQPEELSNPNGNNQIFMNQRGSHGVVLANAGSSSVSINTATKLPDGRYDNKAGAGSFQVNDGKLTGTINARSVAVLYPD,4.666937501380353
ATAPSIKSGTILHAWNWSFNTLKHNMKDIHDAGYTAIQTSPINQVKEGNQGDKSMSNWYWLYQPTSYQIGNRYLGTEQEFKEMCAAAEEYGIKVIVDAVLNHTTSDYAAISNEVKSIPNWTHGNTPIKNWSDRWDVTQNSLLGLYDWNTQNTQVQSYLKRFLDRALNDGADGFRFDAAKHIELPDDGSYGSQFWPNITNTSAEFQYGEILQDSVSRDAAYANYMDVTASNYGHSIRSALKNRNLGVSNISHYAIDVSADKLVTWVESHDTYANDDEESTWMSDDDIRLGWAVIASRSGSTPLFFSRPEGGGNGVRFPGKSQIGDRGSALFEDQAITAVNRFHNVMAGQPEELSNPNGNNQIFMNQRGSHGVVLANAGSSSVSINTATKLPDGRYDNKAGAGSFQVNDGKLTGTINARSVAVLYPD,4.666937501380353
ATAPSIKSGTILHAWNWSFNTLKHNMKDIHDAGYTAIQTSPIMQVKEGNQGDKSMSNWYWLYQPTSYHIGNRYLGTEQEFKEMCAAAEEYGIKVIVDAVLNHTTSDYAAISNEVKSIPNWTHGNTPIKNWSDRWDVTQHSLLGLYDWNTQNTQVQSYLKRFLDRALNDGADGFRFDAAKHIELPDDGSYGSQFWPNITNTSAEFQYGEILQDSVSRDAAYANYMDVTASNYGHSIRSALKNRNLGVSNISHYAIDVSADKLVTWVESHDTYANDDEESTWMSDDDIRLGWAVIASRSGSTPLFFSRPEGGGNGVRFPGKSQIGDRGSALFEDQAITAVNRFHNVMAGQPEELSNPNGNNQIFMNQRGSHGVVLANAGSSSVSINTATKLPDGRYDNKAGAGMFQVNDGKLTGTINARSVAVLYPD,4.483544547919078
ATAPSIKSGTILHAWNWSFNTLKHNMKDIHDAGYTAIQTSPIMQVKEGNQGDKSMSNWYWLYQPTSYHIGNRYLGTEQEFKEMCAAAEEYGIKVIVDAVLNHTTSDYAAISNEVKSIPNWTHGNTPIKNWSDRWDVTQHSLLGLYDWNTQNTQVQSYLKRFLDRALNDGADGFRFDAAKHIELPDDGSYGSQFWPNITNTSAEFQYGEILQDSVSRDAAYANYMDVTASNYGHSIRSALKNRNLGVSNISHYAIDVSADKLVTWVESHDTYANDDEESTWMSDDDIRLGWAVIASRSGSTPLFFSRPEGGGNGVRFPGKSQIGDRGSALFEDQAITAVNRFHNVMAGQPEELSNPNGNNQIFMNQRGSHGVVLANAGSSSVSINTATKLPDGRYDNKAGAGMFQVNDGKLTGTINARSVAVLYPD,4.483544547919078
ATAPSIKSGTILHAWNWSFNTLKHNMKDIHDAGYTAIQTSPIMQVKEGNQGDKSMSNWYWLYQPTSYHIGNRYLGTEQEFKEMCAAAEEYGIKVIVDAVLNHTTSDYAAISNEVKSIPNWTHGNTPIKNWSDRWDVTQHSLLGLYDWNTQNTQVQSYLKRFLDRALNDGADGFRFDAAKHIELPDDGSYGSQFWPNITNTSAEFQYGEILQDSVSRDAAYANYMDVTASNYGHSIRSALKNRNLGVSNISHYAIDVSADKLVTWVESHDTYANDDEESTWMSDDDIRLGWAVIASRSGSTPLFFSRPEGGGNGVRFPGKSQIGDRGSALFEDQAITAVNRFHNVMAGQPEELSNPNGNNQIFMNQRGSHGVVLANAGSSSVSINTATKLPDGRYDNKAGAGMFQVNDGKLTGTINARSVAVLYPD,4.483544547919078
ATAPSIKSGTILHAWNWSFNTLKHNMKDIHDAGYTAIQTSPINQVKEGNQGDKSMSNWYWLYQPTSYQIGNRYLGTEQEFKEMCAAAEEYGIKVIVDAVLNHTTSDYAAISNEVKSIPNWTHGNTPIKNWSDRWDVTQHSLYGLYDWNTQNTQVQSYLKRFLDRALNDGADGFRFDAAKHIELPDDGSYGSQFWPNITNTSAEFQYGEILQDSVSRDAAYANYMDVTASNYGHSIRSALKNRNLGVSNISHYAIDVSADKLVTWVESHDTYANDDEESTWMSDDDIRLGWAVIASRSGSTPLFFSRPEGGGNGVRFPGKSQIGDRGSALFEDQAITAVNRFHNVMAGQPEELSNPNGNNQIFMNQRGSHGVVLANAGSSSVSINTATKLPDGRYDNKAGAGMFQVNDGKLTGTINARSVAVLYPD,4.47065965686104
ATAPSIKSGTILHAWNWSFNTLKHNMKDIHDAGYTAIQTSPINQVKEGNQGDKSMSNWYWLYQPTSYQIGNRYLGTEQEFKEMCAAAEEYGIKVIVDAVLNHTTSDYAAISNEVKSIPNWTHGNTPIKNWSDRWDVTQHSLYGLYDWNTQNTQVQSYLKRFLDRALNDGADGFRFDAAKHIELPDDGSYGSQFWPNITNTSAEFQYGEILQDSVSRDAAYANYMDVTASNYGHSIRSALKNRNLGVSNISHYAIDVSADKLVTWVESHDTYANDDEESTWMSDDDIRLGWAVIASRSGSTPLFFSRPEGGGNGVRFPGKSQIGDRGSALFEDQAITAVNRFHNVMAGQPEELSNPNGNNQIFMNQRGSHGVVLANAGSSSVSINTATKLPDGRYDNKAGAGMFQVNDGKLTGTINARSVAVLYPD,4.47065965686104
ATAPSIKSGTILHAWNWSFNTLKHNMKDIHDAGYTAIQTSPINQVKEGNQGDKSMSNWYWLYQPTSYQIGNRYLGTEQEFKEMCAAAEEYGIKVIVDAVLNHTTSDYAAISNEVKSIPNWTHGNTPIKNWSDRWDVTQHSLYGLYDWNTQNTQVQSYLKRFLDRALNDGADGFRFDAAKHIELPDDGSYGSQFWPNITNTSAEFQYGEILQDSVSRDAAYANYMDVTASNYGHSIRSALKNRNLGVSNISHYAIDVSADKLVTWVESHDTYANDDEESTWMSDDDIRLGWAVIASRSGSTPLFFSRPEGGGNGVRFPGKSQIGDRGSALFEDQAITAVNRFHNVMAGQPEELSNPNGNNQIFMNQRGSHGVVLANAGSSSVSINTATKLPDGRYDNKAGAGMFQVNDGKLTGTINARSVAVLYPD,4.47065965686104
ATAPSIKSGTILHAWNWSFNTLKHNMKDIHDAGYTAIQTSPIMQVKEGNQGDKSMSNWYWLYQPTSYQIGNRYLGTEQEFKEMCAAAEEYGIKVIVDAVLNHTTSDYAAISNEVKSIPNWTHGNTPIKNWSDRWDVTQHSLYGLYDWNTQNTQVQSYLKRFLDRALNDGADGFRFDAAKHIELPDDGSYGSQFWPNITNTSAEFQYGEILQDSVSRDAAYANYMDITASNYGHSIRSALKNRNLGVSNISHYAIDVSADKLVTWVESHDTYANDDEESTWMSDDDIRLGWAVIASRSGSTPLFFSRPEGGGNGVRFPGKSQIGDRGSALFEDQAITAVNRFHNVMAGQPEELSNPNGNNQIFMNQRGSHGVVLANAGSSSVSINTATKLPDGRYDNKAGAGSFQVNDGKLTGTINARSVAVLYPD,4.469056884182137
ATAPSIKSGTILHAWNWSFNTLKHNMKDIHDAGYTAIQTSPIMQVKEGNQGDKSMSNWYWLYQPTSYQIGNRYLGTEQEFKEMCAAAEEYGIKVIVDAVLNHTTSDYAAISNEVKSIPNWTHGNTPIKNWSDRWDVTQHSLYGLYDWNTQNTQVQSYLKRFLDRALNDGADGFRFDAAKHIELPDDGSYGSQFWPNITNTSAEFQYGEILQDSVSRDAAYANYMDITASNYGHSIRSALKNRNLGVSNISHYAIDVSADKLVTWVESHDTYANDDEESTWMSDDDIRLGWAVIASRSGSTPLFFSRPEGGGNGVRFPGKSQIGDRGSALFEDQAITAVNRFHNVMAGQPEELSNPNGNNQIFMNQRGSHGVVLANAGSSSVSINTATKLPDGRYDNKAGAGSFQVNDGKLTGTINARSVAVLYPD,4.469056884182137
ATAPSIKSGTILHAWNWSFNTLKHNMKDIHDAGYTAIQTSPIMQVKEGNQGDKSMSNWYWLYQPTSYQIGNRYLGTEQEFKEMCAAAEEYGIKVIVDAVLNHTTSDYAAISNEVKSIPNWTHGNTPIKNWSDRWDVTQHSLYGLYDWNTQNTQVQSYLKRFLDRALNDGADGFRFDAAKHIELPDDGSYGSQFWPNITNTSAEFQYGEILQDSVSRDAAYANYMDITASNYGHSIRSALKNRNLGVSNISHYAIDVSADKLVTWVESHDTYANDDEESTWMSDDDIRLGWAVIASRSGSTPLFFSRPEGGGNGVRFPGKSQIGDRGSALFEDQAITAVNRFHNVMAGQPEELSNPNGNNQIFMNQRGSHGVVLANAGSSSVSINTATKLPDGRYDNKAGAGSFQVNDGKLTGTINARSVAVLYPD,4.469056884182137
ATAPSIKSGTILHAWNWSFNTLKHNMKDIHDAGYTAIQTSPIMQVKEGNQGDKSMSNWYWLYQPTSYQIGNRYLGTEQEFKEMCAAAEEYGIKVIVDAVLNHTTSDYAAISNEVKSIPNWTHGNTPIKNWSDRWDVTQHSLLGLYDWNTQNTQVQSYLKRFLDRALNDGADGFRFDAAKHIELPDDGSYGSQFWPNITNTSAEFQYGEILQDSVSRDAAYANYMDVTASNYGHSIRSALKNRNLGVSNISHYAIDVSADKLVTWVESHDTYANDDEESTWMSDDDIRLGWAVIASRSGSTPLFFSRPEGGGNGVRFPGKSQIGDRGSALFEDQAITAVNRFHNVMAGQPEELSNPNGNNQIFMNQRGSHGVVLANAGSSSVSINTATKLPDGRYDNKAGAGMFQVNDGKLTGTINARSVAVLYPD,4.462113229892526
ATAPSIKSGTILHAWNWSFNTLKHNMKDIHDAGYTAIQTSPIMQVKEGNQGDKSMSNWYWLYQPTSYQIGNRYLGTEQEFKEMCAAAEEYGIKVIVDAVLNHTTSDYAAISNEVKSIPNWTHGNTPIKNWSDRWDVTQHSLLGLYDWNTQNTQVQSYLKRFLDRALNDGADGFRFDAAKHIELPDDGSYGSQFWPNITNTSAEFQYGEILQDSVSRDAAYANYMDVTASNYGHSIRSALKNRNLGVSNISHYAIDVSADKLVTWVESHDTYANDDEESTWMSDDDIRLGWAVIASRSGSTPLFFSRPEGGGNGVRFPGKSQIGDRGSALFEDQAITAVNRFHNVMAGQPEELSNPNGNNQIFMNQRGSHGVVLANAGSSSVSINTATKLPDGRYDNKAGAGMFQVNDGKLTGTINARSVAVLYPD,4.462113229892526
ATAPSIKSGTILHAWNWSFNTLKHNMKDIHDAGYTAIQTSPIMQVKEGNQGDKSMSNWYWLYQPTSYQIGNRYLGTEQEFKEMCAAAEEYGIKVIVDAVLNHTTSDYAAISNEVKSIPNWTHGNTPIKNWSDRWDVTQHSLLGLYDWNTQNTQVQSYLKRFLDRALNDGADGFRFDAAKHIELPDDGSYGSQFWPNITNTSAEFQYGEILQDSVSRDAAYANYMDVTASNYGHSIRSALKNRNLGVSNISHYAIDVSADKLVTWVESHDTYANDDEESTWMSDDDIRLGWAVIASRSGSTPLFFSRPEGGGNGVRFPGKSQIGDRGSALFEDQAITAVNRFHNVMAGQPEELSNPNGNNQIFMNQRGSHGVVLANAGSSSVSINTATKLPDGRYDNKAGAGMFQVNDGKLTGTINARSVAVLYPD,4.462113229892526
ATAPSIKSGTILHAWNWSFNTLKHNMKDIHDAGYTAIQTSPIMQVKEGNQGDKSMSNWYWLYQPTSYQIGNRYLGTEQEFKEMCAAAEEYGIKVIVDAVLNHTTSDYAAISNEVKSIPNWTHGNTPIKNWSDRWDVTQHSLLGLYDWNTQNTQVQSYLKRFLDRALNDGADGFRFDAAKHIELPDDGSYGSQFWPNITNTSAEFQYGEILQDSVSRDAAYANYMDVTASNYGHSIRSALKNRNLGVSNISHYAIDVSADKLVTWVESHDTYANDDEESTWMSDDDIRLGWAVIASRSGSTPLFFSRPEGGGNGVRFPGKSQIGDRGSALFEDQAITAVNRFHNVMAGQPEELSNPNGNNQIFMNQRGSHGVVLANAGSSSVSINTATKLPDGRYDNKAGAGMFQVNDGKLTGTINARSVAVLYPD,4.462113229892526
ATAPSIKSGTILHAWNWSFNTLKHNMKDIHDAGYTAIQTSPIMQVKEGNQGDKSMSNWYWLYQPTSYQIGNRYLGTEQEFKEMCAAAEEYGIKVIVDAVLNHTTSDYAAISNEVKSIPNWTHGNTPIKNWSDRWDVTQHSLLGLYDWNTQNTQVQSYLKRFLDRALNDGADGFRFDAAKHIELPDDGSYGSQFWPNITNTSAEFQYGEILQDSVSRDAAYANYMDVTASNYGHSIRSALKNRNLGVSNISHYAIDVSADKLVTWVESHDTYANDDEESTWMSDDDIRLGWAVIASRSGSTPLFFSRPEGGGNGVRFPGKSQIGDRGSALFEDQAITAVNRFHNVMAGQPEELSNPNGNNQIFMNQRGSHGVVLANAGSSSVSINTATKLPDGRYDNKAGAGMFQVNDGKLTGTINARSVAVLYPD,4.462113229892526
ATAPSIKSGTILHAWNWSFNTLKHNMKDIHDAGYTAIQTSPIMQVKEGNQGDKSMSNWYWLYQPTSYQIGNRYLGTEQEFKEMCAAAEEYGIKVIVDAVLNHTTSDYAAISNEVKSIPNWTHGNTPIKNWSDRWDVTQHSLLGLYDWNTQNTQVQSYLKRFLDRALNDGADGFRFDAAKHIELPDDGSYGSQFWPNITNTSAEFQYGEILQDSVSRDAAYANYMDVTASNYGHSIRSALKNRNLGVSNISHYAIDVSADKLVTWVESHDTYANDDEESTWMSDDDIRLGWAVIASRSGSTPLFFSRPEGGGNGVRFPGKSQIGDRGSALFEDQAITAVNRFHNVMAGQPEELSNPNGNNQIFMNQRGSHGVVLANAGSSSVSINTATKLPDGRYDNKAGAGMFQVNDGKLTGTINARSVAVLYPD,4.462113229892526
ATAPSIKSGTILHAWNWSFNTLKHNMKDIHDAGYTAIQTSPINQVKEGNQGDKSMSNWYWLYQPTSYQIGNRYLGTEQEFKEMCAAAEEYGIKVIVDAVLNHTTSDYAAISNEVKSIPNWTHGNTPIKNWSDRWDVTQNSLLGLYDWNTQNTQVQSYLKRFLDRALNDGADGFRFDAAKHIELPDDGSYGSQFWPNITNTSAEFQYGEILQDSVSRDAAYANYMDITASNYGHSIRSALKNRNLGVSNISHYAIDVSADKLVTWVESHDTYANDDEESTWMSDDDIRLGWAVIASRSGSTPLFFSRPEGGGNGVRFPGKSQIGDRGSALFEDQAITAVNRFHNVMAGQPEELSNPNGNNQIFMNQRGSHGVVLANAGSSSVSINTATKLPDGRYDNKAGAGMFQVNDGKLTGTINARSVAVLYPD,4.409693931763975
ATAPSIKSGTILHAWNWSFNTLKHNMKDIHDAGYTAIQTSPINQVKEGNQGDKSMSNWYWLYQPTSYQIGNRYLGTEQEFKEMCAAAEEYGIKVIVDAVLNHTTSDYAAISNEVKSIPNWTHGNTPIKNWSDRWDVTQNSLLGLYDWNTQNTQVQSYLKRFLDRALNDGADGFRFDAAKHIELPDDGSYGSQFWPNITNTSAEFQYGEILQDSVSRDAAYANYMDITASNYGHSIRSALKNRNLGVSNISHYAIDVSADKLVTWVESHDTYANDDEESTWMSDDDIRLGWAVIASRSGSTPLFFSRPEGGGNGVRFPGKSQIGDRGSALFEDQAITAVNRFHNVMAGQPEELSNPNGNNQIFMNQRGSHGVVLANAGSSSVSINTATKLPDGRYDNKAGAGMFQVNDGKLTGTINARSVAVLYPD,4.409693931763975
ATAPSIKSGTILHAWNWSFNTLKHNMKDIHDAGYTAIQTSPINQVKEGNQGDKSMSNWYWLYQPTSYQIGNRYLGTEQEFKEMCAAAEEYGIKVIVDAVLNHTTSDYAAISNEVKSIPNWTHGNTPIKNWSDRWDVTQNSLLGLYDWNTQNTQVQSYLKRFLDRALNDGADGFRFDAAKHIELPDDGSYGSQFWPNITNTSAEFQYGEILQDSVSRDAAYANYMDITASNYGHSIRSALKNRNLGVSNISHYAIDVSADKLVTWVESHDTYANDDEESTWMSDDDIRLGWAVIASRSGSTPLFFSRPEGGGNGVRFPGKSQIGDRGSALFEDQAITAVNRFHNVMAGQPEELSNPNGNNQIFMNQRGSHGVVLANAGSSSVSINTATKLPDGRYDNKAGAGMFQVNDGKLTGTINARSVAVLYPD,4.409693931763968
ATAPSIKSGTILHAWNWSFNTLKHNMKDIHDAGYTAIQTSPINQVKEGNQGDKSMSNWYWLYQPTSYHIGNRYLGTEQEFKEMCAAAEEYGIKVIVDAVLNHTTSDYAAISNEVKSIPNWTHGNTPIKNWSDRWDVTQHSLLGLYDWNTQNTQVQSYLKRFLDRALNDGADGFRFDAAKHIELPDDGSYGSQFWPNITNTSAEFQYGEILQDSVSRDAAYANYMDITASNYGHSIRSALKNRNLGVSNISHYAIDVSADKLVTWVESHDTYANDDEESTWMSDDDIRLGWAVIASRSGSTPLFFSRPEGGGNGVRFPGKSQIGDRGSALFEDQAITAVNRFHNVMAGQPEELSNPNGNNQIFMNQRGSHGVVLANAGSSSVSINTATKLPDGRYDNKAGAGMFQVNDGKLTGTINARSVAVLYPD,3.9204313416646492
ATAPSIKSGTILHAWNWSFNTLKHNMKDIHDAGYTAIQTSPINQVKEGNQGDKSMSNWYWLYQPTSYHIGNRYLGTEQEFKEMCAAAEEYGIKVIVDAVLNHTTSDYAAISNEVKSIPNWTHGNTPIKNWSDRWDVTQHSLLGLYDWNTQNTQVQSYLKRFLDRALNDGADGFRFDAAKHIELPDDGSYGSQFWPNITNTSAEFQYGEILQDSVSRDAAYANYMDITASNYGHSIRSALKNRNLGVSNISHYAIDVSADKLVTWVESHDTYANDDEESTWMSDDDIRLGWAVIASRSGSTPLFFSRPEGGGNGVRFPGKSQIGDRGSALFEDQAITAVNRFHNVMAGQPEELSNPNGNNQIFMNQRGSHGVVLANAGSSSVSINTATKLPDGRYDNKAGAGMFQVNDGKLTGTINARSVAVLYPD,3.9204313416646492
ATAPSIKSGTILHAWNWSFNTLKHNMKDIHDAGYTAIQTSPINQVKEGNQGDKSMSNWYWLYQPTSYHIGNRYLGTEQEFKEMCAAAEEYGIKVIVDAVLNHTTSDYAAISNEVKSIPNWTHGNTPIKNWSDRWDVTQHSLLGLYDWNTQNTQVQSYLKRFLDRALNDGADGFRFDAAKHIELPDDGSYGSQFWPNITNTSAEFQYGEILQDSVSRDAAYANYMDITASNYGHSIRSALKNRNLGVSNISHYAIDVSADKLVTWVESHDTYANDDEESTWMSDDDIRLGWAVIASRSGSTPLFFSRPEGGGNGVRFPGKSQIGDRGSALFEDQAITAVNRFHNVMAGQPEELSNPNGNNQIFMNQRGSHGVVLANAGSSSVSINTATKLPDGRYDNKAGAGMFQVNDGKLTGTINARSVAVLYPD,3.9204313416646492
ATAPSIKSGTILHAWNWSFNTLKHNMKDIHDAGYTAIQTSPINQVKEGNQGDKSMSNWYWLYQPTSYHIGNRYLGTEQEFKEMCAAAEEYGIKVIVDAVLNHTTSDYAAISNEVKSIPNWTHGNTPIKNWSDRWDVTQNSLYGLYDWNTQNTQVQSYLKRFLDRALNDGADGFRFDAAKHIELPDDGSYGSQFWPNITNTSAEFQYGEILQDSVSRDAAYANYMDVTASNYGHSIRSALKNRNLGVSNISHYAIDVSADKLVTWVESHDTYANDDEESTWMSDDDIRLGWAVIASRSGSTPLFFSRPEGGGNGVRFPGKSQIGDRGSALFEDQAITAVNRFHNVMAGQPEELSNPNGNNQIFMNQRGSHGVVLANAGSSSVSINTATKLPDGRYDNKAGAGSFQVNDGKLTGTINARSVAVLYPD,3.8432995225405833
ATAPSIKSGTILHAWNWSFNTLKHNMKDIHDAGYTAIQTSPINQVKEGNQGDKSMSNWYWLYQPTSYHIGNRYLGTEQEFKEMCAAAEEYGIKVIVDAVLNHTTSDYAAISNEVKSIPNWTHGNTPIKNWSDRWDVTQNSLYGLYDWNTQNTQVQSYLKRFLDRALNDGADGFRFDAAKHIELPDDGSYGSQFWPNITNTSAEFQYGEILQDSVSRDAAYANYMDVTASNYGHSIRSALKNRNLGVSNISHYAIDVSADKLVTWVESHDTYANDDEESTWMSDDDIRLGWAVIASRSGSTPLFFSRPEGGGNGVRFPGKSQIGDRGSALFEDQAITAVNRFHNVMAGQPEELSNPNGNNQIFMNQRGSHGVVLANAGSSSVSINTATKLPDGRYDNKAGAGSFQVNDGKLTGTINARSVAVLYPD,3.8432995225405833
ATAPSIKSGTILHAWNWSFNTLKHNMKDIHDAGYTAIQTSPINQVKEGNQGDKSMSNWYWLYQPTSYHIGNRYLGTEQEFKEMCAAAEEYGIKVIVDAVLNHTTSDYAAISNEVKSIPNWTHGNTPIKNWSDRWDVTQNSLYGLYDWNTQNTQVQSYLKRFLDRALNDGADGFRFDAAKHIELPDDGSYGSQFWPNITNTSAEFQYGEILQDSVSRDAAYANYMDVTASNYGHSIRSALKNRNLGVSNISHYAIDVSADKLVTWVESHDTYANDDEESTWMSDDDIRLGWAVIASRSGSTPLFFSRPEGGGNGVRFPGKSQIGDRGSALFEDQAITAVNRFHNVMAGQPEELSNPNGNNQIFMNQRGSHGVVLANAGSSSVSINTATKLPDGRYDNKAGAGSFQVNDGKLTGTINARSVAVLYPD,3.8432942416407343
ATAPSIKSGTILHAWNWSFNTLKHNMKDIHDAGYTAIQTSPIMQVKEGNQGDKSMSNWYWLYQPTSYQIGNRYLGTEQEFKEMCAAAEEYGIKVIVDAVLNHTTSDYAAISNEVKSIPNWTHGNTPIKNWSDRWDVTQHSLYGLYDWNTQNTQVQSYLKRFLDRALNDGADGFRFDAAKHIELPDDGSYGSQFWPNITNTSAEFQYGEILQDSVSRDAAYANYMDITASNYGHSIRSALKNRNLGVSNISHYAIDVSADKLVTWVESHDTYANDDEESTWMSDDDIRLGWAVIASRSGSTPLFFSRPEGGGNGVRFPGKSQIGDRGSALFEDQAITAVNRFHNVMAGQPEELSNPNGNNQIFMNQRGSHGVVLANAGSSSVSINTATKLPDGRYDNKAGAGMFQVNDGKLTGTINARSVAVLYPD,3.7592531030947622
ATAPSIKSGTILHAWNWSFNTLKHNMKDIHDAGYTAIQTSPIMQVKEGNQGDKSMSNWYWLYQPTSYQIGNRYLGTEQEFKEMCAAAEEYGIKVIVDAVLNHTTSDYAAISNEVKSIPNWTHGNTPIKNWSDRWDVTQHSLYGLYDWNTQNTQVQSYLKRFLDRALNDGADGFRFDAAKHIELPDDGSYGSQFWPNITNTSAEFQYGEILQDSVSRDAAYANYMDITASNYGHSIRSALKNRNLGVSNISHYAIDVSADKLVTWVESHDTYANDDEESTWMSDDDIRLGWAVIASRSGSTPLFFSRPEGGGNGVRFPGKSQIGDRGSALFEDQAITAVNRFHNVMAGQPEELSNPNGNNQIFMNQRGSHGVVLANAGSSSVSINTATKLPDGRYDNKAGAGMFQVNDGKLTGTINARSVAVLYPD,3.7592531030947622
ATAPSIKSGTILHAWNWSFNTLKHNMKDIHDAGYTAIQTSPIMQVKEGNQGDKSMSNWYWLYQPTSYQIGNRYLGTEQEFKEMCAAAEEYGIKVIVDAVLNHTTSDYAAISNEVKSIPNWTHGNTPIKNWSDRWDVTQHSLYGLYDWNTQNTQVQSYLKRFLDRALNDGADGFRFDAAKHIELPDDGSYGSQFWPNITNTSAEFQYGEILQDSVSRDAAYANYMDITASNYGHSIRSALKNRNLGVSNISHYAIDVSADKLVTWVESHDTYANDDEESTWMSDDDIRLGWAVIASRSGSTPLFFSRPEGGGNGVRFPGKSQIGDRGSALFEDQAITAVNRFHNVMAGQPEELSNPNGNNQIFMNQRGSHGVVLANAGSSSVSINTATKLPDGRYDNKAGAGMFQVNDGKLTGTINARSVAVLYPD,3.7592531030947622
ATAPSIKSGTILHAWNWSFNTLKHNMKDIHDAGYTAIQTSPIMQVKEGNQGDKSMSNWYWLYQPTSYHIGNRYLGTEQEFKEMCAAAEEYGIKVIVDAVLNHTTSDYAAISNEVKSIPNWTHGNTPIKNWSDRWDVTQNSLYGLYDWNTQNTQVQSYLKRFLDRALNDGADGFRFDAAKHIELPDDGSYGSQFWPNITNTSAEFQYGEILQDSVSRDAAYANYMDITASNYGHSIRSALKNRNLGVSNISHYAIDVSADKLVTWVESHDTYANDDEESTWMSDDDIRLGWAVIASRSGSTPLFFSRPEGGGNGVRFPGKSQIGDRGSALFEDQAITAVNRFHNVMAGQPEELSNPNGNNQIFMNQRGSHGVVLANAGSSSVSINTATKLPDGRYDNKAGAGMFQVNDGKLTGTINARSVAVLYPD,3.7529674589667943
ATAPSIKSGTILHAWNWSFNTLKHNMKDIHDAGYTAIQTSPIMQVKEGNQGDKSMSNWYWLYQPTSYHIGNRYLGTEQEFKEMCAAAEEYGIKVIVDAVLNHTTSDYAAISNEVKSIPNWTHGNTPIKNWSDRWDVTQNSLYGLYDWNTQNTQVQSYLKRFLDRALNDGADGFRFDAAKHIELPDDGSYGSQFWPNITNTSAEFQYGEILQDSVSRDAAYANYMDITASNYGHSIRSALKNRNLGVSNISHYAIDVSADKLVTWVESHDTYANDDEESTWMSDDDIRLGWAVIASRSGSTPLFFSRPEGGGNGVRFPGKSQIGDRGSALFEDQAITAVNRFHNVMAGQPEELSNPNGNNQIFMNQRGSHGVVLANAGSSSVSINTATKLPDGRYDNKAGAGMFQVNDGKLTGTINARSVAVLYPD,3.7529674589667943
ATAPSIKSGTILHAWNWSFNTLKHNMKDIHDAGYTAIQTSPIMQVKEGNQGDKSMSNWYWLYQPTSYHIGNRYLGTEQEFKEMCAAAEEYGIKVIVDAVLNHTTSDYAAISNEVKSIPNWTHGNTPIKNWSDRWDVTQNSLYGLYDWNTQNTQVQSYLKRFLDRALNDGADGFRFDAAKHIELPDDGSYGSQFWPNITNTSAEFQYGEILQDSVSRDAAYANYMDITASNYGHSIRSALKNRNLGVSNISHYAIDVSADKLVTWVESHDTYANDDEESTWMSDDDIRLGWAVIASRSGSTPLFFSRPEGGGNGVRFPGKSQIGDRGSALFEDQAITAVNRFHNVMAGQPEELSNPNGNNQIFMNQRGSHGVVLANAGSSSVSINTATKLPDGRYDNKAGAGMFQVNDGKLTGTINARSVAVLYPD,3.7529674589667943
ATAPSIKSGTILHAWNWSFNTLKHNMKDIHDAGYTAIQTSPIMQVKEGNQGDKSMSNWYWLYQPTSYQIGNRYLGTEQEFKEMCAAAEEYGIKVIVDAVLNHTTSDYAAISNEVKSIPNWTHGNTPIKNWSDRWDVTQHSLYGLYDWNTQNTQVQSYLKRFLDRALNDGADGFRFDAAKHIELPDDGSYGSQFWPNITNTSAEFQYGEILQDSVSRDAAYANYMDVTASNYGHSIRSALKNRNLGVSNISHYAIDVSADKLVTWVESHDTYANDDIESTWMSDDDIRLGWAVIASRSGSTPLFFSRPEGGGNGVRFPGKSQIGDRGSALFEDQAITAVNRFHNVMAGQPEELSNPNGNNQIFMNQRGSHGVVLANAGSSSVSINTATKLPDGRYDNKAGAGMFQVNDGKLTGTINARSVAVLYPD,3.3541975793955316
ATAPSIKSGTILHAWNWSFNTLKHNMKDIHDAGYTAIQTSPIMQVKEGNQGDKSMSNWYWLYQPTSYQIGNRYLGTEQEFKEMCAAAEEYGIKVIVDAVLNHTTSDYAAISNEVKSIPNWTHGNTPIKNWSDRWDVTQHSLYGLYDWNTQNTQVQSYLKRFLDRALNDGADGFRFDAAKHIELPDDGSYGSQFWPNITNTSAEFQYGEILQDSVSRDAAYANYMDVTASNYGHSIRSALKNRNLGVSNISHYAIDVSADKLVTWVESHDTYANDDIESTWMSDDDIRLGWAVIASRSGSTPLFFSRPEGGGNGVRFPGKSQIGDRGSALFEDQAITAVNRFHNVMAGQPEELSNPNGNNQIFMNQRGSHGVVLANAGSSSVSINTATKLPDGRYDNKAGAGMFQVNDGKLTGTINARSVAVLYPD,3.3541180280682417
ATAPSIKSGTILHAWNWSFNTLKHNMKDIHDAGYTAIQTSPIMQVKEGNQGDKSMSNWYWLYQPTSYQIGNRYLGTEQEFKEMCAAAEEYGIKVIVDAVLNHTTSDYAAISNEVKSIPNWTHGNTPIKNWSDRWDVTQHSLYGLYDWNTQNTQVQSYLKRFLDRALNDGADGFRFDAAKHIELPDDGSYGSQFWPNITNTSAEFQYGEILQDSVSRDAAYANYMDVTASNYGHSIRSALKNRNLGVSNISHYAIDVSADKLVTWVESHDTYANDDIESTWMSDDDIRLGWAVIASRSGSTPLFFSRPEGGGNGVRFPGKSQIGDRGSALFEDQAITAVNRFHNVMAGQPEELSNPNGNNQIFMNQRGSHGVVLANAGSSSVSINTATKLPDGRYDNKAGAGMFQVNDGKLTGTINARSVAVLYPD,3.3541180280682417
ATAPSIKSGTILHAWNWSFNTLKHNMKDIHDAGYTAIQTSPINQVKEGNQGDKSMSNWYWLYQPTSYQIGNRYLGTEQEFKEMCAAAEEYGIKVIVDAVLNHTTSDYAAISNEVKSIPNWTHGNTPIKNWSDRWDVTQNSLLGLYDWNTQNTQVQSYLKRFLDRALNDGADGFRFDAAKHIELPDDGSYGSQFWPNITNTSAEFQYGEILQDSVSRDAAYANYMDITASNYGHSIRSALKNRNLGVMNISHYAIDVSADKLVTWVESHDTYANDDEESTWMSDDDIRLGWAVIASRSGSTPLFFSRPEGGGNGVRFPGKSQIGDRGSALFEDQAITAVNRFHNVMAGQPEELSNPNGNNQIFMNQRGSHGVVLANAGSSSVSINTATKLPDGRYDNKAGAGMFQVNDGKLTGTINARSVAVLYPD,2.9580167737233953
ATAPSIKSGTILHAWNWSFNTLKHNMKDIHDAGYTAIQTSPINQVKEGNQGDKSMSNWYWLYQPTSYQIGNRYLGTEQEFKEMCAAAEEYGIKVIVDAVLNHTTSDYAAISNEVKSIPNWTHGNTPIKNWSDRWDVTQNSLLGLYDWNTQNTQVQSYLKRFLDRALNDGADGFRFDAAKHIELPDDGSYGSQFWPNITNTSAEFQYGEILQDSVSRDAAYANYMDITASNYGHSIRSALKNRNLGVMNISHYAIDVSADKLVTWVESHDTYANDDEESTWMSDDDIRLGWAVIASRSGSTPLFFSRPEGGGNGVRFPGKSQIGDRGSALFEDQAITAVNRFHNVMAGQPEELSNPNGNNQIFMNQRGSHGVVLANAGSSSVSINTATKLPDGRYDNKAGAGMFQVNDGKLTGTINARSVAVLYPD,2.9580167737233953
ATAPSIKSGTILHAWNWSFNTLKHNMKDIHDAGYTAIQTSPINQVKEGNQGDKSMSNWYWLYQPTSYQIGNRYLGTEQEFKEMCAAAEEYGIKVIVDAVLNHTTSDYAAISNEVKSIPNWTHGNTPIKNWSDRWDVTQNSLLGLYDWNTQNTQVQSYLKRFLDRALNDGADGFRFDAAKHIELPDDGSYGSQFWPNITNTSAEFQYGEILQDSVSRDAAYANYMDITASNYGHSIRSALKNRNLGVMNISHYAIDVSADKLVTWVESHDTYANDDEESTWMSDDDIRLGWAVIASRSGSTPLFFSRPEGGGNGVRFPGKSQIGDRGSALFEDQAITAVNRFHNVMAGQPEELSNPNGNNQIFMNQRGSHGVVLANAGSSSVSINTATKLPDGRYDNKAGAGMFQVNDGKLTGTINARSVAVLYPD,2.957997704482346
ATAPSIKSGTILHAWNWSFNTLKHNMKDIHDAGYTAIQTSPIMQVKEGNQGDKSMSNWYWLYQPTSYHIGNRYLGTEQEFKEMCAAAEEYGIKVIVDAVLNHTTSDYAAISNEVKSIPNWTHGNTPIKNWSDRWDVTQNSLLGLYDWNTQNTQVQSYLKRFLDRALNDGADGFRFDAAKHIELPDDGSYGSQFWPNITNTSAEFQYGEILQDSVSRDAAYANYMDVTASNYGYSIRSALKNRNLGVSNISHYAIDVSADKLVTWVESHDTYANDDEESTWMSDDDIRLGWAVIASRSGSTPLFFSRPEGGGNGVRFPGKSQIGDRGSALFEDQAITAVNRFHNVMAGQPEELSNPNGNNQIFMNQRGSHGVVLANAGSSSVSINTATKLPDGRYDNKAGAGMFQVNDGKLTGTINARSVAVLYAD,2.227836826281628
ATAPSIKSGTILHAWNWSFNTLKHNMKDIHDAGYTAIQTSPIMQVKEGNQGDKSMSNWYWLYQPTSYHIGNRYLGTEQEFKEMCAAAEEYGIKVIVDAVLNHTTSDYAAISNEVKSIPNWTHGNTPIKNWSDRWDVTQNSLLGLYDWNTQNTQVQSYLKRFLDRALNDGADGFRFDAAKHIELPDDGSYGSQFWPNITNTSAEFQYGEILQDSVSRDAAYANYMDVTASNYGYSIRSALKNRNLGVSNISHYAIDVSADKLVTWVESHDTYANDDEESTWMSDDDIRLGWAVIASRSGSTPLFFSRPEGGGNGVRFPGKSQIGDRGSALFEDQAITAVNRFHNVMAGQPEELSNPNGNNQIFMNQRGSHGVVLANAGSSSVSINTATKLPDGRYDNKAGAGMFQVNDGKLTGTINARSVAVLYAD,2.227836826281628
ATAPSIKSGTILHAWNWSFNTLKHNMKDIHDAGYTAIQTSPIMQVKEGNQGDKSMSNWYWLYQPTSYHIGNRYLGTEQEFKEMCAAAEEYGIKVIVDAVLNHTTSDYAAISNEVKSIPNWTHGNTPIKNWSDRWDVTQNSLLGLYDWNTQNTQVQSYLKRFLDRALNDGADGFRFDAAKHIELPDDGSYGSQFWPNITNTSAEFQYGEILQDSVSRDAAYANYMDVTASNYGYSIRSALKNRNLGVSNISHYAIDVSADKLVTWVESHDTYANDDEESTWMSDDDIRLGWAVIASRSGSTPLFFSRPEGGGNGVRFPGKSQIGDRGSALFEDQAITAVNRFHNVMAGQPEELSNPNGNNQIFMNQRGSHGVVLANAGSSSVSINTATKLPDGRYDNKAGAGMFQVNDGKLTGTINARSVAVLYAD,2.227836826281628
ATAPSIKSGTILHAWNWSFNTLKHNMKDIHDAGYTAIQTSPINQVKEGNQGDKSMSNWYWLYQPTSYQIGNRYLGTEQEFKEMCAAAEEYGIKVIVDAVMNHTTSDYAAISNEVKSIPNWTHGNTPIKNWSDRWDVTQNSLLGLYDWNTQNTQVQSYLKRFLDRALNDGADGFRFDAAKHIELPDDGWYGSMFWPNITNTSAEFQYGEILQDSVSRDAAYANYMDVTASNYGHSIRSALKNRNLGVSNISHYAIDVSADKLVTWVESHDTYANDDEESTWMSDDDIRLGWAVIASRSGSTPLFFSRPEGGGNGVRFPGKSQIGDRGSALFEDQAITAVNRFHNVMAGQPEELSNPNGNNQIFMNQRGSHGVVLANAGSSSVSINTATKLPDGRYDNKAGAGSFQVNDGKLTGTINARSVAVLYPD,1.6941981517662912
ATAPSIKSGTILHAWNWSFNTLKHNMKDIHDAGYTAIQTSPINQVKEGNQGDKSMSNWYWLYQPTSYQIGNRYLGTEQEFKEMCAAAEEYGIKVIVDAVMNHTTSDYAAISNEVKSIPNWTHGNTPIKNWSDRWDVTQNSLLGLYDWNTQNTQVQSYLKRFLDRALNDGADGFRFDAAKHIELPDDGWYGSMFWPNITNTSAEFQYGEILQDSVSRDAAYANYMDVTASNYGHSIRSALKNRNLGVSNISHYAIDVSADKLVTWVESHDTYANDDEESTWMSDDDIRLGWAVIASRSGSTPLFFSRPEGGGNGVRFPGKSQIGDRGSALFEDQAITAVNRFHNVMAGQPEELSNPNGNNQIFMNQRGSHGVVLANAGSSSVSINTATKLPDGRYDNKAGAGSFQVNDGKLTGTINARSVAVLYPD,1.6941981517662912
ATAPSIKSGTILHAWNWSFNTLKHNMKDIHDAGYTAIQTSPINQVKEGNQGDKSMSNWYWLYQPTSYQIGNRYLGTEQEFKEMCAAAEEYGIKVIVDAVMNHTTSDYAAISNEVKSIPNWTHGNTPIKNWSDRWDVTQNSLLGLYDWNTQNTQVQSYLKRFLDRALNDGADGFRFDAAKHIELPDDGWYGSMFWPNITNTSAEFQYGEILQDSVSRDAAYANYMDVTASNYGHSIRSALKNRNLGVSNISHYAIDVSADKLVTWVESHDTYANDDEESTWMSDDDIRLGWAVIASRSGSTPLFFSRPEGGGNGVRFPGKSQIGDRGSALFEDQAITAVNRFHNVMAGQPEELSNPNGNNQIFMNQRGSHGVVLANAGSSSVSINTATKLPDGRYDNKAGAGSFQVNDGKLTGTINARSVAVLYPD,1.6941906129219468
ATAPSIKSGTILHAWNWSFNTLKHNMKDIHDAGYTAIQTSPINQVKEGNQGDKSMSNWYWLYQPTSYQIGNRYLGTEQEFKEMCAAAHEYGIKVIVDAVMNHTTSDYAAISNEVKSIPNWTHGNTPIKNWSDRWDVTQNSLYGLYDWNTQNTQVQSYLKRFLDRALNDGADGFRFDAAKHIELPDDGSYGSQFWPNITNTSAEFQYGEILQDSVSRDAAYANYMDVTASNYGHSIRSALKNRNLGVSNISHYAIDVSADKLVTWVESHDTYANDDEESTWMSDDDIRLGWAVIASRSGSTPLFFSRPEGGGNGVRFPGKSQIGDRGSALFEDQAITAVNRFHNVMAGQPEELSNPNGNNQIFMNQRGSHGVVLANAGSSSVSINTATKLPDGRYDNKAGAGSFQVNDGKLTGTINARSVAVLYPD,1.6868083062457648
ATAPSIKSGTILHAWNWSFNTLKHNMKDIHDAGYTAIQTSPINQVKEGNQGDKSMSNWYWLYQPTSYQIGNRYLGTEQEFKEMCAAAHEYGIKVIVDAVMNHTTSDYAAISNEVKSIPNWTHGNTPIKNWSDRWDVTQNSLYGLYDWNTQNTQVQSYLKRFLDRALNDGADGFRFDAAKHIELPDDGSYGSQFWPNITNTSAEFQYGEILQDSVSRDAAYANYMDVTASNYGHSIRSALKNRNLGVSNISHYAIDVSADKLVTWVESHDTYANDDEESTWMSDDDIRLGWAVIASRSGSTPLFFSRPEGGGNGVRFPGKSQIGDRGSALFEDQAITAVNRFHNVMAGQPEELSNPNGNNQIFMNQRGSHGVVLANAGSSSVSINTATKLPDGRYDNKAGAGSFQVNDGKLTGTINARSVAVLYPD,1.6868080885704035
ATAPSIKSGTILHAWNWSFNTLKHNMKDIHDAGYTAIQTSPINQVKEGNQGDKSMSNWYWLYQPTSYQIGNRYLGTEQEFKEMCAAAHEYGIKVIVDAVMNHTTSDYAAISNEVKSIPNWTHGNTPIKNWSDRWDVTQNSLYGLYDWNTQNTQVQSYLKRFLDRALNDGADGFRFDAAKHIELPDDGSYGSQFWPNITNTSAEFQYGEILQDSVSRDAAYANYMDVTASNYGHSIRSALKNRNLGVSNISHYAIDVSADKLVTWVESHDTYANDDEESTWMSDDDIRLGWAVIASRSGSTPLFFSRPEGGGNGVRFPGKSQIGDRGSALFEDQAITAVNRFHNVMAGQPEELSNPNGNNQIFMNQRGSHGVVLANAGSSSVSINTATKLPDGRYDNKAGAGSFQVNDGKLTGTINARSVAVLYPD,1.6868080885704035
ATAPSIKSGTILHAWNWSFNTLKHNMKDIHDAGYTAIQTSPINQVKEGNQGDKSMSNWYWLYQPTSYQIGNRYLGTEQEFKEMCAAAHEYGIKVIVDAVMNHTTSDYAAISNEVKSIPNWTHGNTPIKNWNDRWDVTQNSLLGLYDWNTQNTQVQSYLKRFLDRALNDGADGFRFDAAKHIELPDDGWYGSQFWPNITNTSAEFQYGEILQDSVSRDAAYANYMDITASNYGHSIRSALKNRNLGVSNISHYAIDVSADKLVTWVESHDTYANDDEESTWMSDDDIRLGWAVIASRSGSTPLFFSRPEGGGNGVRFPGKSQIGDRGSALFEDQAITAVNRFHNVMAGQPEELSNPNGNNQIFMNQRGSHGVVLANAGSSSVSINTATKLPDGRYDNKAGAGSFQVNDGKLTGTINARSVAVLYPD,1.686797004950568
ATAPSIKSGTILHAWNWSFNTLKHNMKDIHDAGYTAIQTSPINQVKEGNQGDKSMSNWYWLYQPTSYQIGNRYLGTEQEFKEMCAAAHEYGIKVIVDAVMNHTTSDYAAISNEVKSIPNWTHGNTPIKNWNDRWDVTQNSLLGLYDWNTQNTQVQSYLKRFLDRALNDGADGFRFDAAKHIELPDDGWYGSQFWPNITNTSAEFQYGEILQDSVSRDAAYANYMDITASNYGHSIRSALKNRNLGVSNISHYAIDVSADKLVTWVESHDTYANDDEESTWMSDDDIRLGWAVIASRSGSTPLFFSRPEGGGNGVRFPGKSQIGDRGSALFEDQAITAVNRFHNVMAGQPEELSNPNGNNQIFMNQRGSHGVVLANAGSSSVSINTATKLPDGRYDNKAGAGSFQVNDGKLTGTINARSVAVLYPD,1.686797004950568
ATAPSIKSGTILHAWNWSFNTLKHNMKDIHDAGYTAIQTSPINQVKEGNQGDKSMSNWYWLYQPTSYQIGNRYLGTEQEFKEMCAAAHEYGIKVIVDAVMNHTTSDYAAISNEVKSIPNWTHGNTPIKNWNDRWDVTQNSLLGLYDWNTQNTQVQSYLKRFLDRALNDGADGFRFDAAKHIELPDDGWYGSQFWPNITNTSAEFQYGEILQDSVSRDAAYANYMDITASNYGHSIRSALKNRNLGVSNISHYAIDVSADKLVTWVESHDTYANDDEESTWMSDDDIRLGWAVIASRSGSTPLFFSRPEGGGNGVRFPGKSQIGDRGSALFEDQAITAVNRFHNVMAGQPEELSNPNGNNQIFMNQRGSHGVVLANAGSSSVSINTATKLPDGRYDNKAGAGSFQVNDGKLTGTINARSVAVLYPD,1.6867970049505672
ATAPSIKSGTILHAWNWSFNTLKHNMKDIHDAGYTAIQTSPINQVKEGNQGDKSMSNWYWLYQPTSYQIGNRYLGTEQEFKEMCAAAHEYGIKVIVDAVMNHTTSDYAAISNEVKSIPNWTHGNTPIKNWNDRWDVTQNSLLGLYDWNTQNTQVQSYLKRFLDRALNDGADGFRFDAAKHIELPDDGSYGSQFWPNITNTSAEFQYGEILQDSVSRDAAYANYMDVTASNYGHSIRSALKNRNLGVSNISHYAIDVSADKLVTWVESHDTYANDDEESTWMSDDDIRLGWAVIASRSGSTPLFFSRPEGGGNGVRFPGKSQIGDRGSALFEDQAITAVNRFHNVMAGQPEELSNPNGNNQIFMNQRGSHGVVLANAGSSSVSINTATKLPDGRYDNKAGAGSFQVNDGKLTGTINARSVAVLYPD,1.5873630439014237
ATAPSIKSGTILHAWNWSFNTLKHNMKDIHDAGYTAIQTSPINQVKEGNQGDKSMSNWYWLYQPTSYQIGNRYLGTEQEFKEMCAAAHEYGIKVIVDAVMNHTTSDYAAISNEVKSIPNWTHGNTPIKNWNDRWDVTQNSLLGLYDWNTQNTQVQSYLKRFLDRALNDGADGFRFDAAKHIELPDDGSYGSQFWPNITNTSAEFQYGEILQDSVSRDAAYANYMDVTASNYGHSIRSALKNRNLGVSNISHYAIDVSADKLVTWVESHDTYANDDEESTWMSDDDIRLGWAVIASRSGSTPLFFSRPEGGGNGVRFPGKSQIGDRGSALFEDQAITAVNRFHNVMAGQPEELSNPNGNNQIFMNQRGSHGVVLANAGSSSVSINTATKLPDGRYDNKAGAGSFQVNDGKLTGTINARSVAVLYPD,1.5873630439014237
ATAPSIKSGTILHAWNWSFNTLKHNMKDIHDAGYTAIQTSPINQVKEGNQGDKSMSNWYWLYQPTSYQIGNRYLGTEQEFKEMCAAAHEYGIKVIVDAVMNHTTSDYAAISNEVKSIPNWTHGNTPIKNWNDRWDVTQNSLLGLYDWNTQNTQVQSYLKRFLDRALNDGADGFRFDAAKHIELPDDGSYGSQFWPNITNTSAEFQYGEILQDSVSRDAAYANYMDVTASNYGHSIRSALKNRNLGVSNISHYAIDVSADKLVTWVESHDTYANDDEESTWMSDDDIRLGWAVIASRSGSTPLFFSRPEGGGNGVRFPGKSQIGDRGSALFEDQAITAVNRFHNVMAGQPEELSNPNGNNQIFMNQRGSHGVVLANAGSSSVSINTATKLPDGRYDNKAGAGSFQVNDGKLTGTINARSVAVLYPD,1.5873630439014237
ATAPSIKSGTILHAWNWSFNTLKHNMKDIHDAGYTAIQTSPINQVKEGNQGDKSMSNWYWLYQPTSYQIGNRYLGTEQEFKEMCAAAHEYGIKVIVDAVMNHTTSDYAAISNEVKSIPNWTHGNTPIKNWNDRWDVTQNSLLGLYDWNTQNTQVQSYLKRFLDRALNDGADGFRFDAAKHIELPDDGSYGSQFWPNITNTSAEFQYGEILQDSVSRDAAYANYMDVTASNYGHSIRSALKNRNLGVSNISHYAIDVSADKLVTWVESHDTYANDDEESTWMSDDDIRLGWAVIASRSGSTPLFFSRPEGGGNGVRFPGKSQIGDRGSALFEDQAITAVNRFHNVMAGQPEELSNPNGNNQIFMNQRGSHGVVLANAGSSSVSINTATKLPDGRYDNKAGAGSFQVNDGKLTGTINARSVAVLYPD,1.5873630439014237
ATAPSIKSGTILHAWNWSFNTLKHNMKDIHDAGYTAIQTSPINQVKEGNQGDKSMSNWYWLYQPTSYQIGNRYLGTEQEFKEMCAAAHEYGIKVIVDAVMNHTTSDYAAISNEVKSIPNWTHGNTPIKNWNDRWDVTQNSLLGLYDWNTQNTQVQSYLKRFLDRALNDGADGFRFDAAKHIELPDDGSYGSQFWPNITNTSAEFQYGEILQDSVSRDAAYANYMDVTASNYGHSIRSALKNRNLGVSNISHYAIDVSADKLVTWVESHDTYANDDEESTWMSDDDIRLGWAVIASRSGSTPLFFSRPEGGGNGVRFPGKSQIGDRGSALFEDQAITAVNRFHNVMAGQPEELSNPNGNNQIFMNQRGSHGVVLANAGSSSVSINTATKLPDGRYDNKAGAGSFQVNDGKLTGTINARSVAVLYPD,1.5873616565359363
ATAPSIKSGTILHAWNWSFNTLKHNMKDIHDAGYTAIQTSPINQVKEGNQGDKSMSNWYWLYQPTSYQIGNRYLGTEQEFKEMCAAAHEYGIKVIVDAVMNHTTSDYAAISNEVKSIPNWTHGNTPIKNWNDRWDVTQNSLLGLYDWNTQNTQVQSYLKRFLDRALNDGADGFRFDAAKHIELPDDGSYGSQFWPNITNTSAEFQYGEILQDSVSRDAAYANYMDVTASNYGHSIRSALKNRNLGVSNISHYAIDVSADKLVTWVESHDTYANDDEESTWMSDDDIRLGWAVIASRSGSTPLFFSRPEGGGNGVRFPGKSQIGDRGSALFEDQAITAVNRFHNVMAGQPEELSNPNGNNQIFMNQRGSHGVVLANAGSSSVSINTATKLPDGRYDNKAGAGSFQVNDGKLTGTINARSVAVLYPD,1.5873616565359336
ATAPSIKSGTILHAWNWSFNTLKHNMKDIHDAGYTAIQTSPINQVKEGNQGDKSMSNWYWLYQPTSYQIGNRYLGTEQEFKEMCAAAHEYGIKVIVDAVMNHTTSDYAAISNEVKSIPNWTHGNTPIKNWNDRWDVTQNSLLGLYDWNTQNTQVQSYLKRFLDRALNDGADGFRFDAAKHIELPDDGSYGSQFWPNITNTSAEFQYGEILQDSVSRDAAYANYMDVTASNYGHSIRSALKNRNLGVSNISHYAIDVSADKLVTWVESHDTYANDDEESTWMSDDDIRLGWAVIASRSGSTPLFFSRPEGGGNGVRFPGKSQIGDRGSALFEDQAITAVNRFHNVMAGQPEELSNPNGNNQIFMNQRGSHGVVLANAGSSSVSINTATKLPDGRYDNKAGAGSFQVNDGKLTGTINARSVAVLYPD,1.587355196471596
ATAPSIKSGTILHAWNWSFNTLKHNMKDIHDAGYTAIQTSPINQVKEGNQGDKSMSNWYWLYQPTSYQIGNRYLGTEQEFKEMCAAAHEYGIKVIVDAVMNHTTSDYAAISNEVKSIPNWTHGNTPIKNWNDRWDVTQNSLLGLWDWNTQNTQVQSYLKRFLDRALNDGADGFRFDAAKHIELPDDGSYGSMFWPNITNTSAEFQYGEILQDSVSRDAAYANYMDITASNYGHSIRSALKNRNLGVSNISHYAIDVSADKLVTWVESHDTYANDDEESTWMSDDDIRLGWAVIASRSGSTPLFFSRPEGGGNGVRFPGKSQIGDRGSALFEDQAITAVNRFHNVMAGQPEELSNPNGNNQIFMNQRGSHGVVLANAGSSSVSINTATKLPDGRYDNKAGAGSFQVNDGKLTGTINARSVAVLYPD,1.581819132921439
ATAPSIKSGTILHAWNWSFNTLKHNMKDIHDAGYTAIQTSPINQVKEGNQGDKSMSNWYWLYQPTSYQIGNRYLGTEQEFKEMCAAAHEYGIKVIVDAVMNHTTSDYAAISNEVKSIPNWTHGNTPIKNWNDRWDVTQNSLLGLWDWNTQNTQVQSYLKRFLDRALNDGADGFRFDAAKHIELPDDGSYGSMFWPNITNTSAEFQYGEILQDSVSRDAAYANYMDITASNYGHSIRSALKNRNLGVSNISHYAIDVSADKLVTWVESHDTYANDDEESTWMSDDDIRLGWAVIASRSGSTPLFFSRPEGGGNGVRFPGKSQIGDRGSALFEDQAITAVNRFHNVMAGQPEELSNPNGNNQIFMNQRGSHGVVLANAGSSSVSINTATKLPDGRYDNKAGAGSFQVNDGKLTGTINARSVAVLYPD,1.581819132921439
ATAPSIKSGTILHAWNWSFNTLKHNMKDIHDAGYTAIQTSPINQVKEGNQGDKSMSNWYWLYQPTSYQIGNRYLGTEQEFKEMCAAAHEYGIKVIVDAVMNHTTSDYAAISNEVKSIPNWTHGNTPIKNWNDRWDVTQNSLLGLWDWNTQNTQVQSYLKRFLDRALNDGADGFRFDAAKHIELPDDGSYGSMFWPNITNTSAEFQYGEILQDSVSRDAAYANYMDITASNYGHSIRSALKNRNLGVSNISHYAIDVSADKLVTWVESHDTYANDDEESTWMSDDDIRLGWAVIASRSGSTPLFFSRPEGGGNGVRFPGKSQIGDRGSALFEDQAITAVNRFHNVMAGQPEELSNPNGNNQIFMNQRGSHGVVLANAGSSSVSINTATKLPDGRYDNKAGAGSFQVNDGKLTGTINARSVAVLYPD,1.5818095265921124
ATAPSIKSGTILHAWNWSFNTLKHNMKDIHDAGYTAIQTSPINQVKEGNQGDKSMSNWYWLYQPTSYQIGNRYLGTEQEFKEMCAAAHEYGIKVIVDAVMNHTTSDYAAISNEVKSIPNWTHGNTPIKNWNDRWDVTQNSLLGLWDWNTQNTQVQSYLKRFLDRALNDGADGFRFDAAKHIELPDDGSYGSMFWPNITNTSAEFQYGEILQDSVSRDAAYANYMDITASNYGHSIRSALKNRNLGVSNISHYAIDVSADKLVTWVESHDTYANDDEESTWMSDDDIRLGWAVIASRSGSTPLFFSRPEGGGNGVRFPGKSQIGDRGSALFEDQAITAVNRFHNVMAGQPEELSNPNGNNQIFMNQRGSHGVVLANAGSSSVSINTATKLPDGRYDNKAGAGSFQVNDGKLTGTINARSVAVLYPD,1.5818095265921124
ATAPSIKSGTILHAWNWSFNTLKHNMKDIHDAGYTAIQTSPINQVKEGNQGDKSMSNWYWLYQPTSYQIGNRYLGTEQEFKEMCAAAEEYGIKVIVDAVMNHTTSDYAAISNEVKSIPNWTHGNTPIKNWSDRWDVTQNSLYGLHDWNTQNTQVQSYLKRFLDRALNDGADGFRFDAAKHIELPDDGWYGSQFWPNITNTSAEFQYGEILQDSVSRDAAYANYMDITASNYGHSIRSALKNRNLGVSNISHYAIDVSADKLVTWVESHDTYANDDEESTWMSDDDIRLGWAVIASRSGSTPLFFSRPEGGGNGVRFPGKSQIGDRGSALFEDQAITAVNRFHNVMAGQPEELSNPNGNNQIFMNQRGSHGVVLANAGSSSVSINTATKLPDGRYDNKAGAGSFQVNDGKLTGTINARSVAVLYPD,1.4286410917812882
